candidate_index,sample_id,story_id,query_type,rung,gold_label,component,layer,natural_gold_margin,formal_gold_margin,patched_gold_margin,absolute_recovery,normalized_recovery,method,model,model_display_name,sample_mode
1,12055,cholesterol,ate,2,yes,residual,0,8.375,9.4375,8.1875,-0.1875,-0.1764705882352941,hf_last_token_formal_to_natural,qwen3_4b,Qwen3-4B,formal
1,12055,cholesterol,ate,2,yes,residual,1,8.375,9.4375,8.25,-0.125,-0.1176470588235294,hf_last_token_formal_to_natural,qwen3_4b,Qwen3-4B,formal
1,12055,cholesterol,ate,2,yes,residual,2,8.375,9.4375,8.25,-0.125,-0.1176470588235294,hf_last_token_formal_to_natural,qwen3_4b,Qwen3-4B,formal
1,12055,cholesterol,ate,2,yes,residual,3,8.375,9.4375,8.25,-0.125,-0.1176470588235294,hf_last_token_formal_to_natural,qwen3_4b,Qwen3-4B,formal
1,12055,cholesterol,ate,2,yes,residual,4,8.375,9.4375,8.375,0.0,0.0,hf_last_token_formal_to_natural,qwen3_4b,Qwen3-4B,formal
1,12055,cholesterol,ate,2,yes,residual,5,8.375,9.4375,8.25,-0.125,-0.1176470588235294,hf_last_token_formal_to_natural,qwen3_4b,Qwen3-4B,formal
1,12055,cholesterol,ate,2,yes,residual,6,8.375,9.4375,8.125,-0.25,-0.2352941176470588,hf_last_token_formal_to_natural,qwen3_4b,Qwen3-4B,formal
1,12055,cholesterol,ate,2,yes,residual,7,8.375,9.4375,8.1875,-0.1875,-0.1764705882352941,hf_last_token_formal_to_natural,qwen3_4b,Qwen3-4B,formal
1,12055,cholesterol,ate,2,yes,residual,8,8.375,9.4375,8.1875,-0.1875,-0.1764705882352941,hf_last_token_formal_to_natural,qwen3_4b,Qwen3-4B,formal
1,12055,cholesterol,ate,2,yes,residual,9,8.375,9.4375,8.0,-0.375,-0.3529411764705882,hf_last_token_formal_to_natural,qwen3_4b,Qwen3-4B,formal
1,12055,cholesterol,ate,2,yes,residual,10,8.375,9.4375,8.125,-0.25,-0.2352941176470588,hf_last_token_formal_to_natural,qwen3_4b,Qwen3-4B,formal
1,12055,cholesterol,ate,2,yes,residual,11,8.375,9.4375,8.375,0.0,0.0,hf_last_token_formal_to_natural,qwen3_4b,Qwen3-4B,formal
1,12055,cholesterol,ate,2,yes,residual,12,8.375,9.4375,8.6875,0.3125,0.2941176470588235,hf_last_token_formal_to_natural,qwen3_4b,Qwen3-4B,formal
1,12055,cholesterol,ate,2,yes,residual,13,8.375,9.4375,8.5625,0.1875,0.1764705882352941,hf_last_token_formal_to_natural,qwen3_4b,Qwen3-4B,formal
1,12055,cholesterol,ate,2,yes,residual,14,8.375,9.4375,8.25,-0.125,-0.1176470588235294,hf_last_token_formal_to_natural,qwen3_4b,Qwen3-4B,formal
1,12055,cholesterol,ate,2,yes,residual,15,8.375,9.4375,8.125,-0.25,-0.2352941176470588,hf_last_token_formal_to_natural,qwen3_4b,Qwen3-4B,formal
1,12055,cholesterol,ate,2,yes,residual,16,8.375,9.4375,8.125,-0.25,-0.2352941176470588,hf_last_token_formal_to_natural,qwen3_4b,Qwen3-4B,formal
1,12055,cholesterol,ate,2,yes,residual,17,8.375,9.4375,8.5,0.125,0.1176470588235294,hf_last_token_formal_to_natural,qwen3_4b,Qwen3-4B,formal
1,12055,cholesterol,ate,2,yes,residual,18,8.375,9.4375,9.125,0.75,0.7058823529411765,hf_last_token_formal_to_natural,qwen3_4b,Qwen3-4B,formal
1,12055,cholesterol,ate,2,yes,residual,19,8.375,9.4375,8.6875,0.3125,0.2941176470588235,hf_last_token_formal_to_natural,qwen3_4b,Qwen3-4B,formal
1,12055,cholesterol,ate,2,yes,residual,20,8.375,9.4375,9.5,1.125,1.0588235294117647,hf_last_token_formal_to_natural,qwen3_4b,Qwen3-4B,formal
1,12055,cholesterol,ate,2,yes,residual,21,8.375,9.4375,9.4375,1.0625,1.0,hf_last_token_formal_to_natural,qwen3_4b,Qwen3-4B,formal
1,12055,cholesterol,ate,2,yes,residual,22,8.375,9.4375,9.25,0.875,0.8235294117647058,hf_last_token_formal_to_natural,qwen3_4b,Qwen3-4B,formal
1,12055,cholesterol,ate,2,yes,residual,23,8.375,9.4375,8.75,0.375,0.3529411764705882,hf_last_token_formal_to_natural,qwen3_4b,Qwen3-4B,formal
1,12055,cholesterol,ate,2,yes,residual,24,8.375,9.4375,8.5,0.125,0.1176470588235294,hf_last_token_formal_to_natural,qwen3_4b,Qwen3-4B,formal
1,12055,cholesterol,ate,2,yes,residual,25,8.375,9.4375,8.1875,-0.1875,-0.1764705882352941,hf_last_token_formal_to_natural,qwen3_4b,Qwen3-4B,formal
1,12055,cholesterol,ate,2,yes,residual,26,8.375,9.4375,8.125,-0.25,-0.2352941176470588,hf_last_token_formal_to_natural,qwen3_4b,Qwen3-4B,formal
1,12055,cholesterol,ate,2,yes,residual,27,8.375,9.4375,8.375,0.0,0.0,hf_last_token_formal_to_natural,qwen3_4b,Qwen3-4B,formal
1,12055,cholesterol,ate,2,yes,residual,28,8.375,9.4375,8.4375,0.0625,0.0588235294117647,hf_last_token_formal_to_natural,qwen3_4b,Qwen3-4B,formal
1,12055,cholesterol,ate,2,yes,residual,29,8.375,9.4375,8.75,0.375,0.3529411764705882,hf_last_token_formal_to_natural,qwen3_4b,Qwen3-4B,formal
1,12055,cholesterol,ate,2,yes,residual,30,8.375,9.4375,9.125,0.75,0.7058823529411765,hf_last_token_formal_to_natural,qwen3_4b,Qwen3-4B,formal
1,12055,cholesterol,ate,2,yes,residual,31,8.375,9.4375,9.75,1.375,1.2941176470588236,hf_last_token_formal_to_natural,qwen3_4b,Qwen3-4B,formal
1,12055,cholesterol,ate,2,yes,residual,32,8.375,9.4375,9.875,1.5,1.411764705882353,hf_last_token_formal_to_natural,qwen3_4b,Qwen3-4B,formal
1,12055,cholesterol,ate,2,yes,residual,33,8.375,9.4375,9.4375,1.0625,1.0,hf_last_token_formal_to_natural,qwen3_4b,Qwen3-4B,formal
1,12055,cholesterol,ate,2,yes,residual,34,8.375,9.4375,9.375,1.0,0.9411764705882352,hf_last_token_formal_to_natural,qwen3_4b,Qwen3-4B,formal
1,12055,cholesterol,ate,2,yes,residual,35,8.375,9.4375,9.4375,1.0625,1.0,hf_last_token_formal_to_natural,qwen3_4b,Qwen3-4B,formal
2,5128,firing_employee,ate,2,no,residual,0,-7.21875,-9.0,-7.5,-0.28125,0.1578947368421052,hf_last_token_formal_to_natural,qwen3_4b,Qwen3-4B,formal
2,5128,firing_employee,ate,2,no,residual,1,-7.21875,-9.0,-7.4375,-0.21875,0.1228070175438596,hf_last_token_formal_to_natural,qwen3_4b,Qwen3-4B,formal
2,5128,firing_employee,ate,2,no,residual,2,-7.21875,-9.0,-7.4375,-0.21875,0.1228070175438596,hf_last_token_formal_to_natural,qwen3_4b,Qwen3-4B,formal
2,5128,firing_employee,ate,2,no,residual,3,-7.21875,-9.0,-7.4375,-0.21875,0.1228070175438596,hf_last_token_formal_to_natural,qwen3_4b,Qwen3-4B,formal
2,5128,firing_employee,ate,2,no,residual,4,-7.21875,-9.0,-7.6875,-0.46875,0.2631578947368421,hf_last_token_formal_to_natural,qwen3_4b,Qwen3-4B,formal
2,5128,firing_employee,ate,2,no,residual,5,-7.21875,-9.0,-7.6875,-0.46875,0.2631578947368421,hf_last_token_formal_to_natural,qwen3_4b,Qwen3-4B,formal
2,5128,firing_employee,ate,2,no,residual,6,-7.21875,-9.0,-7.5,-0.28125,0.1578947368421052,hf_last_token_formal_to_natural,qwen3_4b,Qwen3-4B,formal
2,5128,firing_employee,ate,2,no,residual,7,-7.21875,-9.0,-7.34375,-0.125,0.0701754385964912,hf_last_token_formal_to_natural,qwen3_4b,Qwen3-4B,formal
2,5128,firing_employee,ate,2,no,residual,8,-7.21875,-9.0,-7.25,-0.03125,0.0175438596491228,hf_last_token_formal_to_natural,qwen3_4b,Qwen3-4B,formal
2,5128,firing_employee,ate,2,no,residual,9,-7.21875,-9.0,-7.46875,-0.25,0.1403508771929824,hf_last_token_formal_to_natural,qwen3_4b,Qwen3-4B,formal
2,5128,firing_employee,ate,2,no,residual,10,-7.21875,-9.0,-7.46875,-0.25,0.1403508771929824,hf_last_token_formal_to_natural,qwen3_4b,Qwen3-4B,formal
2,5128,firing_employee,ate,2,no,residual,11,-7.21875,-9.0,-7.96875,-0.75,0.4210526315789473,hf_last_token_formal_to_natural,qwen3_4b,Qwen3-4B,formal
2,5128,firing_employee,ate,2,no,residual,12,-7.21875,-9.0,-8.5,-1.28125,0.7192982456140351,hf_last_token_formal_to_natural,qwen3_4b,Qwen3-4B,formal
2,5128,firing_employee,ate,2,no,residual,13,-7.21875,-9.0,-8.6875,-1.46875,0.8245614035087719,hf_last_token_formal_to_natural,qwen3_4b,Qwen3-4B,formal
2,5128,firing_employee,ate,2,no,residual,14,-7.21875,-9.0,-8.0625,-0.84375,0.4736842105263157,hf_last_token_formal_to_natural,qwen3_4b,Qwen3-4B,formal
2,5128,firing_employee,ate,2,no,residual,15,-7.21875,-9.0,-7.96875,-0.75,0.4210526315789473,hf_last_token_formal_to_natural,qwen3_4b,Qwen3-4B,formal
2,5128,firing_employee,ate,2,no,residual,16,-7.21875,-9.0,-8.0625,-0.84375,0.4736842105263157,hf_last_token_formal_to_natural,qwen3_4b,Qwen3-4B,formal
2,5128,firing_employee,ate,2,no,residual,17,-7.21875,-9.0,-8.25,-1.03125,0.5789473684210527,hf_last_token_formal_to_natural,qwen3_4b,Qwen3-4B,formal
2,5128,firing_employee,ate,2,no,residual,18,-7.21875,-9.0,-8.8125,-1.59375,0.8947368421052632,hf_last_token_formal_to_natural,qwen3_4b,Qwen3-4B,formal
2,5128,firing_employee,ate,2,no,residual,19,-7.21875,-9.0,-7.9375,-0.71875,0.4035087719298245,hf_last_token_formal_to_natural,qwen3_4b,Qwen3-4B,formal
2,5128,firing_employee,ate,2,no,residual,20,-7.21875,-9.0,-8.9375,-1.71875,0.9649122807017544,hf_last_token_formal_to_natural,qwen3_4b,Qwen3-4B,formal
2,5128,firing_employee,ate,2,no,residual,21,-7.21875,-9.0,-9.5,-2.28125,1.280701754385965,hf_last_token_formal_to_natural,qwen3_4b,Qwen3-4B,formal
2,5128,firing_employee,ate,2,no,residual,22,-7.21875,-9.0,-10.0,-2.78125,1.5614035087719298,hf_last_token_formal_to_natural,qwen3_4b,Qwen3-4B,formal
2,5128,firing_employee,ate,2,no,residual,23,-7.21875,-9.0,-9.125,-1.90625,1.0701754385964912,hf_last_token_formal_to_natural,qwen3_4b,Qwen3-4B,formal
2,5128,firing_employee,ate,2,no,residual,24,-7.21875,-9.0,-9.125,-1.90625,1.0701754385964912,hf_last_token_formal_to_natural,qwen3_4b,Qwen3-4B,formal
2,5128,firing_employee,ate,2,no,residual,25,-7.21875,-9.0,-8.6875,-1.46875,0.8245614035087719,hf_last_token_formal_to_natural,qwen3_4b,Qwen3-4B,formal
2,5128,firing_employee,ate,2,no,residual,26,-7.21875,-9.0,-8.625,-1.40625,0.7894736842105263,hf_last_token_formal_to_natural,qwen3_4b,Qwen3-4B,formal
2,5128,firing_employee,ate,2,no,residual,27,-7.21875,-9.0,-8.6875,-1.46875,0.8245614035087719,hf_last_token_formal_to_natural,qwen3_4b,Qwen3-4B,formal
2,5128,firing_employee,ate,2,no,residual,28,-7.21875,-9.0,-8.375,-1.15625,0.6491228070175439,hf_last_token_formal_to_natural,qwen3_4b,Qwen3-4B,formal
2,5128,firing_employee,ate,2,no,residual,29,-7.21875,-9.0,-8.875,-1.65625,0.9298245614035088,hf_last_token_formal_to_natural,qwen3_4b,Qwen3-4B,formal
2,5128,firing_employee,ate,2,no,residual,30,-7.21875,-9.0,-8.875,-1.65625,0.9298245614035088,hf_last_token_formal_to_natural,qwen3_4b,Qwen3-4B,formal
2,5128,firing_employee,ate,2,no,residual,31,-7.21875,-9.0,-9.5,-2.28125,1.280701754385965,hf_last_token_formal_to_natural,qwen3_4b,Qwen3-4B,formal
2,5128,firing_employee,ate,2,no,residual,32,-7.21875,-9.0,-9.5625,-2.34375,1.3157894736842106,hf_last_token_formal_to_natural,qwen3_4b,Qwen3-4B,formal
2,5128,firing_employee,ate,2,no,residual,33,-7.21875,-9.0,-9.0625,-1.84375,1.0350877192982455,hf_last_token_formal_to_natural,qwen3_4b,Qwen3-4B,formal
2,5128,firing_employee,ate,2,no,residual,34,-7.21875,-9.0,-9.125,-1.90625,1.0701754385964912,hf_last_token_formal_to_natural,qwen3_4b,Qwen3-4B,formal
2,5128,firing_employee,ate,2,no,residual,35,-7.21875,-9.0,-9.0,-1.78125,1.0,hf_last_token_formal_to_natural,qwen3_4b,Qwen3-4B,formal
3,21676,nonsense1,ate,2,no,residual,0,-9.6875,-9.1875,-9.375,0.3125,0.625,hf_last_token_formal_to_natural,qwen3_4b,Qwen3-4B,formal
3,21676,nonsense1,ate,2,no,residual,1,-9.6875,-9.1875,-9.1875,0.5,1.0,hf_last_token_formal_to_natural,qwen3_4b,Qwen3-4B,formal
3,21676,nonsense1,ate,2,no,residual,2,-9.6875,-9.1875,-9.4375,0.25,0.5,hf_last_token_formal_to_natural,qwen3_4b,Qwen3-4B,formal
3,21676,nonsense1,ate,2,no,residual,3,-9.6875,-9.1875,-9.375,0.3125,0.625,hf_last_token_formal_to_natural,qwen3_4b,Qwen3-4B,formal
3,21676,nonsense1,ate,2,no,residual,4,-9.6875,-9.1875,-9.8125,-0.125,-0.25,hf_last_token_formal_to_natural,qwen3_4b,Qwen3-4B,formal
3,21676,nonsense1,ate,2,no,residual,5,-9.6875,-9.1875,-9.9375,-0.25,-0.5,hf_last_token_formal_to_natural,qwen3_4b,Qwen3-4B,formal
3,21676,nonsense1,ate,2,no,residual,6,-9.6875,-9.1875,-9.8125,-0.125,-0.25,hf_last_token_formal_to_natural,qwen3_4b,Qwen3-4B,formal
3,21676,nonsense1,ate,2,no,residual,7,-9.6875,-9.1875,-9.5,0.1875,0.375,hf_last_token_formal_to_natural,qwen3_4b,Qwen3-4B,formal
3,21676,nonsense1,ate,2,no,residual,8,-9.6875,-9.1875,-9.6875,0.0,0.0,hf_last_token_formal_to_natural,qwen3_4b,Qwen3-4B,formal
3,21676,nonsense1,ate,2,no,residual,9,-9.6875,-9.1875,-9.75,-0.0625,-0.125,hf_last_token_formal_to_natural,qwen3_4b,Qwen3-4B,formal
3,21676,nonsense1,ate,2,no,residual,10,-9.6875,-9.1875,-9.8125,-0.125,-0.25,hf_last_token_formal_to_natural,qwen3_4b,Qwen3-4B,formal
3,21676,nonsense1,ate,2,no,residual,11,-9.6875,-9.1875,-9.5,0.1875,0.375,hf_last_token_formal_to_natural,qwen3_4b,Qwen3-4B,formal
3,21676,nonsense1,ate,2,no,residual,12,-9.6875,-9.1875,-9.8125,-0.125,-0.25,hf_last_token_formal_to_natural,qwen3_4b,Qwen3-4B,formal
3,21676,nonsense1,ate,2,no,residual,13,-9.6875,-9.1875,-10.3125,-0.625,-1.25,hf_last_token_formal_to_natural,qwen3_4b,Qwen3-4B,formal
3,21676,nonsense1,ate,2,no,residual,14,-9.6875,-9.1875,-9.6875,0.0,0.0,hf_last_token_formal_to_natural,qwen3_4b,Qwen3-4B,formal
3,21676,nonsense1,ate,2,no,residual,15,-9.6875,-9.1875,-9.8125,-0.125,-0.25,hf_last_token_formal_to_natural,qwen3_4b,Qwen3-4B,formal
3,21676,nonsense1,ate,2,no,residual,16,-9.6875,-9.1875,-9.5,0.1875,0.375,hf_last_token_formal_to_natural,qwen3_4b,Qwen3-4B,formal
3,21676,nonsense1,ate,2,no,residual,17,-9.6875,-9.1875,-9.5625,0.125,0.25,hf_last_token_formal_to_natural,qwen3_4b,Qwen3-4B,formal
3,21676,nonsense1,ate,2,no,residual,18,-9.6875,-9.1875,-9.5,0.1875,0.375,hf_last_token_formal_to_natural,qwen3_4b,Qwen3-4B,formal
3,21676,nonsense1,ate,2,no,residual,19,-9.6875,-9.1875,-9.8125,-0.125,-0.25,hf_last_token_formal_to_natural,qwen3_4b,Qwen3-4B,formal
3,21676,nonsense1,ate,2,no,residual,20,-9.6875,-9.1875,-10.375,-0.6875,-1.375,hf_last_token_formal_to_natural,qwen3_4b,Qwen3-4B,formal
3,21676,nonsense1,ate,2,no,residual,21,-9.6875,-9.1875,-9.625,0.0625,0.125,hf_last_token_formal_to_natural,qwen3_4b,Qwen3-4B,formal
3,21676,nonsense1,ate,2,no,residual,22,-9.6875,-9.1875,-10.0625,-0.375,-0.75,hf_last_token_formal_to_natural,qwen3_4b,Qwen3-4B,formal
3,21676,nonsense1,ate,2,no,residual,23,-9.6875,-9.1875,-9.1875,0.5,1.0,hf_last_token_formal_to_natural,qwen3_4b,Qwen3-4B,formal
3,21676,nonsense1,ate,2,no,residual,24,-9.6875,-9.1875,-9.6875,0.0,0.0,hf_last_token_formal_to_natural,qwen3_4b,Qwen3-4B,formal
3,21676,nonsense1,ate,2,no,residual,25,-9.6875,-9.1875,-9.0,0.6875,1.375,hf_last_token_formal_to_natural,qwen3_4b,Qwen3-4B,formal
3,21676,nonsense1,ate,2,no,residual,26,-9.6875,-9.1875,-8.6875,1.0,2.0,hf_last_token_formal_to_natural,qwen3_4b,Qwen3-4B,formal
3,21676,nonsense1,ate,2,no,residual,27,-9.6875,-9.1875,-8.9375,0.75,1.5,hf_last_token_formal_to_natural,qwen3_4b,Qwen3-4B,formal
3,21676,nonsense1,ate,2,no,residual,28,-9.6875,-9.1875,-8.625,1.0625,2.125,hf_last_token_formal_to_natural,qwen3_4b,Qwen3-4B,formal
3,21676,nonsense1,ate,2,no,residual,29,-9.6875,-9.1875,-9.1875,0.5,1.0,hf_last_token_formal_to_natural,qwen3_4b,Qwen3-4B,formal
3,21676,nonsense1,ate,2,no,residual,30,-9.6875,-9.1875,-9.0,0.6875,1.375,hf_last_token_formal_to_natural,qwen3_4b,Qwen3-4B,formal
3,21676,nonsense1,ate,2,no,residual,31,-9.6875,-9.1875,-9.625,0.0625,0.125,hf_last_token_formal_to_natural,qwen3_4b,Qwen3-4B,formal
3,21676,nonsense1,ate,2,no,residual,32,-9.6875,-9.1875,-9.5625,0.125,0.25,hf_last_token_formal_to_natural,qwen3_4b,Qwen3-4B,formal
3,21676,nonsense1,ate,2,no,residual,33,-9.6875,-9.1875,-9.3125,0.375,0.75,hf_last_token_formal_to_natural,qwen3_4b,Qwen3-4B,formal
3,21676,nonsense1,ate,2,no,residual,34,-9.6875,-9.1875,-9.25,0.4375,0.875,hf_last_token_formal_to_natural,qwen3_4b,Qwen3-4B,formal
3,21676,nonsense1,ate,2,no,residual,35,-9.6875,-9.1875,-9.1875,0.5,1.0,hf_last_token_formal_to_natural,qwen3_4b,Qwen3-4B,formal
4,18982,simpson_kidneystone,ate,2,no,residual,0,-9.8125,-9.125,-10.3125,-0.5,-0.7272727272727273,hf_last_token_formal_to_natural,qwen3_4b,Qwen3-4B,formal
4,18982,simpson_kidneystone,ate,2,no,residual,1,-9.8125,-9.125,-10.0625,-0.25,-0.3636363636363636,hf_last_token_formal_to_natural,qwen3_4b,Qwen3-4B,formal
4,18982,simpson_kidneystone,ate,2,no,residual,2,-9.8125,-9.125,-10.125,-0.3125,-0.4545454545454545,hf_last_token_formal_to_natural,qwen3_4b,Qwen3-4B,formal
4,18982,simpson_kidneystone,ate,2,no,residual,3,-9.8125,-9.125,-9.9375,-0.125,-0.1818181818181818,hf_last_token_formal_to_natural,qwen3_4b,Qwen3-4B,formal
4,18982,simpson_kidneystone,ate,2,no,residual,4,-9.8125,-9.125,-9.9375,-0.125,-0.1818181818181818,hf_last_token_formal_to_natural,qwen3_4b,Qwen3-4B,formal
4,18982,simpson_kidneystone,ate,2,no,residual,5,-9.8125,-9.125,-10.1875,-0.375,-0.5454545454545454,hf_last_token_formal_to_natural,qwen3_4b,Qwen3-4B,formal
4,18982,simpson_kidneystone,ate,2,no,residual,6,-9.8125,-9.125,-9.875,-0.0625,-0.0909090909090909,hf_last_token_formal_to_natural,qwen3_4b,Qwen3-4B,formal
4,18982,simpson_kidneystone,ate,2,no,residual,7,-9.8125,-9.125,-9.75,0.0625,0.0909090909090909,hf_last_token_formal_to_natural,qwen3_4b,Qwen3-4B,formal
4,18982,simpson_kidneystone,ate,2,no,residual,8,-9.8125,-9.125,-9.8125,0.0,0.0,hf_last_token_formal_to_natural,qwen3_4b,Qwen3-4B,formal
4,18982,simpson_kidneystone,ate,2,no,residual,9,-9.8125,-9.125,-9.1875,0.625,0.9090909090909092,hf_last_token_formal_to_natural,qwen3_4b,Qwen3-4B,formal
4,18982,simpson_kidneystone,ate,2,no,residual,10,-9.8125,-9.125,-9.5,0.3125,0.4545454545454545,hf_last_token_formal_to_natural,qwen3_4b,Qwen3-4B,formal
4,18982,simpson_kidneystone,ate,2,no,residual,11,-9.8125,-9.125,-9.75,0.0625,0.0909090909090909,hf_last_token_formal_to_natural,qwen3_4b,Qwen3-4B,formal
4,18982,simpson_kidneystone,ate,2,no,residual,12,-9.8125,-9.125,-10.125,-0.3125,-0.4545454545454545,hf_last_token_formal_to_natural,qwen3_4b,Qwen3-4B,formal
4,18982,simpson_kidneystone,ate,2,no,residual,13,-9.8125,-9.125,-10.1875,-0.375,-0.5454545454545454,hf_last_token_formal_to_natural,qwen3_4b,Qwen3-4B,formal
4,18982,simpson_kidneystone,ate,2,no,residual,14,-9.8125,-9.125,-9.875,-0.0625,-0.0909090909090909,hf_last_token_formal_to_natural,qwen3_4b,Qwen3-4B,formal
4,18982,simpson_kidneystone,ate,2,no,residual,15,-9.8125,-9.125,-9.75,0.0625,0.0909090909090909,hf_last_token_formal_to_natural,qwen3_4b,Qwen3-4B,formal
4,18982,simpson_kidneystone,ate,2,no,residual,16,-9.8125,-9.125,-9.3125,0.5,0.7272727272727273,hf_last_token_formal_to_natural,qwen3_4b,Qwen3-4B,formal
4,18982,simpson_kidneystone,ate,2,no,residual,17,-9.8125,-9.125,-9.5,0.3125,0.4545454545454545,hf_last_token_formal_to_natural,qwen3_4b,Qwen3-4B,formal
4,18982,simpson_kidneystone,ate,2,no,residual,18,-9.8125,-9.125,-10.125,-0.3125,-0.4545454545454545,hf_last_token_formal_to_natural,qwen3_4b,Qwen3-4B,formal
4,18982,simpson_kidneystone,ate,2,no,residual,19,-9.8125,-9.125,-9.125,0.6875,1.0,hf_last_token_formal_to_natural,qwen3_4b,Qwen3-4B,formal
4,18982,simpson_kidneystone,ate,2,no,residual,20,-9.8125,-9.125,-9.8125,0.0,0.0,hf_last_token_formal_to_natural,qwen3_4b,Qwen3-4B,formal
4,18982,simpson_kidneystone,ate,2,no,residual,21,-9.8125,-9.125,-9.625,0.1875,0.2727272727272727,hf_last_token_formal_to_natural,qwen3_4b,Qwen3-4B,formal
4,18982,simpson_kidneystone,ate,2,no,residual,22,-9.8125,-9.125,-9.75,0.0625,0.0909090909090909,hf_last_token_formal_to_natural,qwen3_4b,Qwen3-4B,formal
4,18982,simpson_kidneystone,ate,2,no,residual,23,-9.8125,-9.125,-8.875,0.9375,1.3636363636363635,hf_last_token_formal_to_natural,qwen3_4b,Qwen3-4B,formal
4,18982,simpson_kidneystone,ate,2,no,residual,24,-9.8125,-9.125,-9.0,0.8125,1.181818181818182,hf_last_token_formal_to_natural,qwen3_4b,Qwen3-4B,formal
4,18982,simpson_kidneystone,ate,2,no,residual,25,-9.8125,-9.125,-8.75,1.0625,1.5454545454545454,hf_last_token_formal_to_natural,qwen3_4b,Qwen3-4B,formal
4,18982,simpson_kidneystone,ate,2,no,residual,26,-9.8125,-9.125,-8.5,1.3125,1.9090909090909087,hf_last_token_formal_to_natural,qwen3_4b,Qwen3-4B,formal
4,18982,simpson_kidneystone,ate,2,no,residual,27,-9.8125,-9.125,-8.5,1.3125,1.9090909090909087,hf_last_token_formal_to_natural,qwen3_4b,Qwen3-4B,formal
4,18982,simpson_kidneystone,ate,2,no,residual,28,-9.8125,-9.125,-8.5,1.3125,1.9090909090909087,hf_last_token_formal_to_natural,qwen3_4b,Qwen3-4B,formal
4,18982,simpson_kidneystone,ate,2,no,residual,29,-9.8125,-9.125,-9.0,0.8125,1.181818181818182,hf_last_token_formal_to_natural,qwen3_4b,Qwen3-4B,formal
4,18982,simpson_kidneystone,ate,2,no,residual,30,-9.8125,-9.125,-8.875,0.9375,1.3636363636363635,hf_last_token_formal_to_natural,qwen3_4b,Qwen3-4B,formal
4,18982,simpson_kidneystone,ate,2,no,residual,31,-9.8125,-9.125,-9.4375,0.375,0.5454545454545454,hf_last_token_formal_to_natural,qwen3_4b,Qwen3-4B,formal
4,18982,simpson_kidneystone,ate,2,no,residual,32,-9.8125,-9.125,-9.25,0.5625,0.8181818181818182,hf_last_token_formal_to_natural,qwen3_4b,Qwen3-4B,formal
4,18982,simpson_kidneystone,ate,2,no,residual,33,-9.8125,-9.125,-9.0,0.8125,1.181818181818182,hf_last_token_formal_to_natural,qwen3_4b,Qwen3-4B,formal
4,18982,simpson_kidneystone,ate,2,no,residual,34,-9.8125,-9.125,-9.0625,0.75,1.0909090909090908,hf_last_token_formal_to_natural,qwen3_4b,Qwen3-4B,formal
4,18982,simpson_kidneystone,ate,2,no,residual,35,-9.8125,-9.125,-9.125,0.6875,1.0,hf_last_token_formal_to_natural,qwen3_4b,Qwen3-4B,formal
5,15239,alarm,correlation,1,no,residual,0,-6.5625,-8.5,-7.0,-0.4375,0.2258064516129032,hf_last_token_formal_to_natural,qwen3_4b,Qwen3-4B,formal
5,15239,alarm,correlation,1,no,residual,1,-6.5625,-8.5,-7.0,-0.4375,0.2258064516129032,hf_last_token_formal_to_natural,qwen3_4b,Qwen3-4B,formal
5,15239,alarm,correlation,1,no,residual,2,-6.5625,-8.5,-7.0,-0.4375,0.2258064516129032,hf_last_token_formal_to_natural,qwen3_4b,Qwen3-4B,formal
5,15239,alarm,correlation,1,no,residual,3,-6.5625,-8.5,-7.375,-0.8125,0.4193548387096774,hf_last_token_formal_to_natural,qwen3_4b,Qwen3-4B,formal
5,15239,alarm,correlation,1,no,residual,4,-6.5625,-8.5,-7.4375,-0.875,0.4516129032258064,hf_last_token_formal_to_natural,qwen3_4b,Qwen3-4B,formal
5,15239,alarm,correlation,1,no,residual,5,-6.5625,-8.5,-7.75,-1.1875,0.6129032258064516,hf_last_token_formal_to_natural,qwen3_4b,Qwen3-4B,formal
5,15239,alarm,correlation,1,no,residual,6,-6.5625,-8.5,-7.59375,-1.03125,0.532258064516129,hf_last_token_formal_to_natural,qwen3_4b,Qwen3-4B,formal
5,15239,alarm,correlation,1,no,residual,7,-6.5625,-8.5,-7.34375,-0.78125,0.4032258064516129,hf_last_token_formal_to_natural,qwen3_4b,Qwen3-4B,formal
5,15239,alarm,correlation,1,no,residual,8,-6.5625,-8.5,-7.5625,-1.0,0.5161290322580645,hf_last_token_formal_to_natural,qwen3_4b,Qwen3-4B,formal
5,15239,alarm,correlation,1,no,residual,9,-6.5625,-8.5,-7.65625,-1.09375,0.5645161290322581,hf_last_token_formal_to_natural,qwen3_4b,Qwen3-4B,formal
5,15239,alarm,correlation,1,no,residual,10,-6.5625,-8.5,-7.53125,-0.96875,0.5,hf_last_token_formal_to_natural,qwen3_4b,Qwen3-4B,formal
5,15239,alarm,correlation,1,no,residual,11,-6.5625,-8.5,-7.5,-0.9375,0.4838709677419355,hf_last_token_formal_to_natural,qwen3_4b,Qwen3-4B,formal
5,15239,alarm,correlation,1,no,residual,12,-6.5625,-8.5,-7.59375,-1.03125,0.532258064516129,hf_last_token_formal_to_natural,qwen3_4b,Qwen3-4B,formal
5,15239,alarm,correlation,1,no,residual,13,-6.5625,-8.5,-8.25,-1.6875,0.8709677419354839,hf_last_token_formal_to_natural,qwen3_4b,Qwen3-4B,formal
5,15239,alarm,correlation,1,no,residual,14,-6.5625,-8.5,-7.3125,-0.75,0.3870967741935484,hf_last_token_formal_to_natural,qwen3_4b,Qwen3-4B,formal
5,15239,alarm,correlation,1,no,residual,15,-6.5625,-8.5,-7.125,-0.5625,0.2903225806451613,hf_last_token_formal_to_natural,qwen3_4b,Qwen3-4B,formal
5,15239,alarm,correlation,1,no,residual,16,-6.5625,-8.5,-6.75,-0.1875,0.0967741935483871,hf_last_token_formal_to_natural,qwen3_4b,Qwen3-4B,formal
5,15239,alarm,correlation,1,no,residual,17,-6.5625,-8.5,-6.8125,-0.25,0.1290322580645161,hf_last_token_formal_to_natural,qwen3_4b,Qwen3-4B,formal
5,15239,alarm,correlation,1,no,residual,18,-6.5625,-8.5,-7.09375,-0.53125,0.2741935483870967,hf_last_token_formal_to_natural,qwen3_4b,Qwen3-4B,formal
5,15239,alarm,correlation,1,no,residual,19,-6.5625,-8.5,-7.03125,-0.46875,0.2419354838709677,hf_last_token_formal_to_natural,qwen3_4b,Qwen3-4B,formal
5,15239,alarm,correlation,1,no,residual,20,-6.5625,-8.5,-7.625,-1.0625,0.5483870967741935,hf_last_token_formal_to_natural,qwen3_4b,Qwen3-4B,formal
5,15239,alarm,correlation,1,no,residual,21,-6.5625,-8.5,-7.0625,-0.5,0.2580645161290322,hf_last_token_formal_to_natural,qwen3_4b,Qwen3-4B,formal
5,15239,alarm,correlation,1,no,residual,22,-6.5625,-8.5,-7.34375,-0.78125,0.4032258064516129,hf_last_token_formal_to_natural,qwen3_4b,Qwen3-4B,formal
5,15239,alarm,correlation,1,no,residual,23,-6.5625,-8.5,-6.59375,-0.03125,0.0161290322580645,hf_last_token_formal_to_natural,qwen3_4b,Qwen3-4B,formal
5,15239,alarm,correlation,1,no,residual,24,-6.5625,-8.5,-7.125,-0.5625,0.2903225806451613,hf_last_token_formal_to_natural,qwen3_4b,Qwen3-4B,formal
5,15239,alarm,correlation,1,no,residual,25,-6.5625,-8.5,-6.8125,-0.25,0.1290322580645161,hf_last_token_formal_to_natural,qwen3_4b,Qwen3-4B,formal
5,15239,alarm,correlation,1,no,residual,26,-6.5625,-8.5,-7.125,-0.5625,0.2903225806451613,hf_last_token_formal_to_natural,qwen3_4b,Qwen3-4B,formal
5,15239,alarm,correlation,1,no,residual,27,-6.5625,-8.5,-7.5625,-1.0,0.5161290322580645,hf_last_token_formal_to_natural,qwen3_4b,Qwen3-4B,formal
5,15239,alarm,correlation,1,no,residual,28,-6.5625,-8.5,-7.3125,-0.75,0.3870967741935484,hf_last_token_formal_to_natural,qwen3_4b,Qwen3-4B,formal
5,15239,alarm,correlation,1,no,residual,29,-6.5625,-8.5,-8.0,-1.4375,0.7419354838709677,hf_last_token_formal_to_natural,qwen3_4b,Qwen3-4B,formal
5,15239,alarm,correlation,1,no,residual,30,-6.5625,-8.5,-8.25,-1.6875,0.8709677419354839,hf_last_token_formal_to_natural,qwen3_4b,Qwen3-4B,formal
5,15239,alarm,correlation,1,no,residual,31,-6.5625,-8.5,-8.875,-2.3125,1.1935483870967742,hf_last_token_formal_to_natural,qwen3_4b,Qwen3-4B,formal
5,15239,alarm,correlation,1,no,residual,32,-6.5625,-8.5,-8.9375,-2.375,1.2258064516129032,hf_last_token_formal_to_natural,qwen3_4b,Qwen3-4B,formal
5,15239,alarm,correlation,1,no,residual,33,-6.5625,-8.5,-8.875,-2.3125,1.1935483870967742,hf_last_token_formal_to_natural,qwen3_4b,Qwen3-4B,formal
5,15239,alarm,correlation,1,no,residual,34,-6.5625,-8.5,-8.625,-2.0625,1.064516129032258,hf_last_token_formal_to_natural,qwen3_4b,Qwen3-4B,formal
5,15239,alarm,correlation,1,no,residual,35,-6.5625,-8.5,-8.5,-1.9375,1.0,hf_last_token_formal_to_natural,qwen3_4b,Qwen3-4B,formal
6,17611,gender_admission_state,correlation,1,no,residual,0,-8.3125,-10.625,-8.5,-0.1875,0.081081081081081,hf_last_token_formal_to_natural,qwen3_4b,Qwen3-4B,formal
6,17611,gender_admission_state,correlation,1,no,residual,1,-8.3125,-10.625,-7.84375,0.46875,-0.2027027027027027,hf_last_token_formal_to_natural,qwen3_4b,Qwen3-4B,formal
6,17611,gender_admission_state,correlation,1,no,residual,2,-8.3125,-10.625,-8.1875,0.125,-0.054054054054054,hf_last_token_formal_to_natural,qwen3_4b,Qwen3-4B,formal
6,17611,gender_admission_state,correlation,1,no,residual,3,-8.3125,-10.625,-8.375,-0.0625,0.027027027027027,hf_last_token_formal_to_natural,qwen3_4b,Qwen3-4B,formal
6,17611,gender_admission_state,correlation,1,no,residual,4,-8.3125,-10.625,-8.625,-0.3125,0.1351351351351351,hf_last_token_formal_to_natural,qwen3_4b,Qwen3-4B,formal
6,17611,gender_admission_state,correlation,1,no,residual,5,-8.3125,-10.625,-8.75,-0.4375,0.1891891891891892,hf_last_token_formal_to_natural,qwen3_4b,Qwen3-4B,formal
6,17611,gender_admission_state,correlation,1,no,residual,6,-8.3125,-10.625,-8.75,-0.4375,0.1891891891891892,hf_last_token_formal_to_natural,qwen3_4b,Qwen3-4B,formal
6,17611,gender_admission_state,correlation,1,no,residual,7,-8.3125,-10.625,-8.375,-0.0625,0.027027027027027,hf_last_token_formal_to_natural,qwen3_4b,Qwen3-4B,formal
6,17611,gender_admission_state,correlation,1,no,residual,8,-8.3125,-10.625,-8.5,-0.1875,0.081081081081081,hf_last_token_formal_to_natural,qwen3_4b,Qwen3-4B,formal
6,17611,gender_admission_state,correlation,1,no,residual,9,-8.3125,-10.625,-8.8125,-0.5,0.2162162162162162,hf_last_token_formal_to_natural,qwen3_4b,Qwen3-4B,formal
6,17611,gender_admission_state,correlation,1,no,residual,10,-8.3125,-10.625,-8.625,-0.3125,0.1351351351351351,hf_last_token_formal_to_natural,qwen3_4b,Qwen3-4B,formal
6,17611,gender_admission_state,correlation,1,no,residual,11,-8.3125,-10.625,-8.4375,-0.125,0.054054054054054,hf_last_token_formal_to_natural,qwen3_4b,Qwen3-4B,formal
6,17611,gender_admission_state,correlation,1,no,residual,12,-8.3125,-10.625,-8.9375,-0.625,0.2702702702702703,hf_last_token_formal_to_natural,qwen3_4b,Qwen3-4B,formal
6,17611,gender_admission_state,correlation,1,no,residual,13,-8.3125,-10.625,-8.9375,-0.625,0.2702702702702703,hf_last_token_formal_to_natural,qwen3_4b,Qwen3-4B,formal
6,17611,gender_admission_state,correlation,1,no,residual,14,-8.3125,-10.625,-8.5,-0.1875,0.081081081081081,hf_last_token_formal_to_natural,qwen3_4b,Qwen3-4B,formal
6,17611,gender_admission_state,correlation,1,no,residual,15,-8.3125,-10.625,-8.4375,-0.125,0.054054054054054,hf_last_token_formal_to_natural,qwen3_4b,Qwen3-4B,formal
6,17611,gender_admission_state,correlation,1,no,residual,16,-8.3125,-10.625,-7.75,0.5625,-0.2432432432432432,hf_last_token_formal_to_natural,qwen3_4b,Qwen3-4B,formal
6,17611,gender_admission_state,correlation,1,no,residual,17,-8.3125,-10.625,-8.125,0.1875,-0.081081081081081,hf_last_token_formal_to_natural,qwen3_4b,Qwen3-4B,formal
6,17611,gender_admission_state,correlation,1,no,residual,18,-8.3125,-10.625,-8.625,-0.3125,0.1351351351351351,hf_last_token_formal_to_natural,qwen3_4b,Qwen3-4B,formal
6,17611,gender_admission_state,correlation,1,no,residual,19,-8.3125,-10.625,-8.5,-0.1875,0.081081081081081,hf_last_token_formal_to_natural,qwen3_4b,Qwen3-4B,formal
6,17611,gender_admission_state,correlation,1,no,residual,20,-8.3125,-10.625,-8.9375,-0.625,0.2702702702702703,hf_last_token_formal_to_natural,qwen3_4b,Qwen3-4B,formal
6,17611,gender_admission_state,correlation,1,no,residual,21,-8.3125,-10.625,-8.1875,0.125,-0.054054054054054,hf_last_token_formal_to_natural,qwen3_4b,Qwen3-4B,formal
6,17611,gender_admission_state,correlation,1,no,residual,22,-8.3125,-10.625,-8.75,-0.4375,0.1891891891891892,hf_last_token_formal_to_natural,qwen3_4b,Qwen3-4B,formal
6,17611,gender_admission_state,correlation,1,no,residual,23,-8.3125,-10.625,-8.75,-0.4375,0.1891891891891892,hf_last_token_formal_to_natural,qwen3_4b,Qwen3-4B,formal
6,17611,gender_admission_state,correlation,1,no,residual,24,-8.3125,-10.625,-8.9375,-0.625,0.2702702702702703,hf_last_token_formal_to_natural,qwen3_4b,Qwen3-4B,formal
6,17611,gender_admission_state,correlation,1,no,residual,25,-8.3125,-10.625,-8.8125,-0.5,0.2162162162162162,hf_last_token_formal_to_natural,qwen3_4b,Qwen3-4B,formal
6,17611,gender_admission_state,correlation,1,no,residual,26,-8.3125,-10.625,-9.125,-0.8125,0.3513513513513513,hf_last_token_formal_to_natural,qwen3_4b,Qwen3-4B,formal
6,17611,gender_admission_state,correlation,1,no,residual,27,-8.3125,-10.625,-9.5,-1.1875,0.5135135135135135,hf_last_token_formal_to_natural,qwen3_4b,Qwen3-4B,formal
6,17611,gender_admission_state,correlation,1,no,residual,28,-8.3125,-10.625,-9.6875,-1.375,0.5945945945945946,hf_last_token_formal_to_natural,qwen3_4b,Qwen3-4B,formal
6,17611,gender_admission_state,correlation,1,no,residual,29,-8.3125,-10.625,-10.1875,-1.875,0.8108108108108109,hf_last_token_formal_to_natural,qwen3_4b,Qwen3-4B,formal
6,17611,gender_admission_state,correlation,1,no,residual,30,-8.3125,-10.625,-10.4375,-2.125,0.918918918918919,hf_last_token_formal_to_natural,qwen3_4b,Qwen3-4B,formal
6,17611,gender_admission_state,correlation,1,no,residual,31,-8.3125,-10.625,-10.875,-2.5625,1.108108108108108,hf_last_token_formal_to_natural,qwen3_4b,Qwen3-4B,formal
6,17611,gender_admission_state,correlation,1,no,residual,32,-8.3125,-10.625,-11.0625,-2.75,1.1891891891891893,hf_last_token_formal_to_natural,qwen3_4b,Qwen3-4B,formal
6,17611,gender_admission_state,correlation,1,no,residual,33,-8.3125,-10.625,-10.75,-2.4375,1.054054054054054,hf_last_token_formal_to_natural,qwen3_4b,Qwen3-4B,formal
6,17611,gender_admission_state,correlation,1,no,residual,34,-8.3125,-10.625,-10.625,-2.3125,1.0,hf_last_token_formal_to_natural,qwen3_4b,Qwen3-4B,formal
6,17611,gender_admission_state,correlation,1,no,residual,35,-8.3125,-10.625,-10.625,-2.3125,1.0,hf_last_token_formal_to_natural,qwen3_4b,Qwen3-4B,formal
7,10129,simpson_kidneystone,det-counterfactual,3,no,residual,0,-9.9375,-10.5,-9.875,0.0625,-0.1111111111111111,hf_last_token_formal_to_natural,qwen3_4b,Qwen3-4B,formal
7,10129,simpson_kidneystone,det-counterfactual,3,no,residual,1,-9.9375,-10.5,-9.625,0.3125,-0.5555555555555556,hf_last_token_formal_to_natural,qwen3_4b,Qwen3-4B,formal
7,10129,simpson_kidneystone,det-counterfactual,3,no,residual,2,-9.9375,-10.5,-9.375,0.5625,-1.0,hf_last_token_formal_to_natural,qwen3_4b,Qwen3-4B,formal
7,10129,simpson_kidneystone,det-counterfactual,3,no,residual,3,-9.9375,-10.5,-9.5,0.4375,-0.7777777777777778,hf_last_token_formal_to_natural,qwen3_4b,Qwen3-4B,formal
7,10129,simpson_kidneystone,det-counterfactual,3,no,residual,4,-9.9375,-10.5,-9.625,0.3125,-0.5555555555555556,hf_last_token_formal_to_natural,qwen3_4b,Qwen3-4B,formal
7,10129,simpson_kidneystone,det-counterfactual,3,no,residual,5,-9.9375,-10.5,-9.625,0.3125,-0.5555555555555556,hf_last_token_formal_to_natural,qwen3_4b,Qwen3-4B,formal
7,10129,simpson_kidneystone,det-counterfactual,3,no,residual,6,-9.9375,-10.5,-9.375,0.5625,-1.0,hf_last_token_formal_to_natural,qwen3_4b,Qwen3-4B,formal
7,10129,simpson_kidneystone,det-counterfactual,3,no,residual,7,-9.9375,-10.5,-9.25,0.6875,-1.2222222222222223,hf_last_token_formal_to_natural,qwen3_4b,Qwen3-4B,formal
7,10129,simpson_kidneystone,det-counterfactual,3,no,residual,8,-9.9375,-10.5,-9.125,0.8125,-1.4444444444444444,hf_last_token_formal_to_natural,qwen3_4b,Qwen3-4B,formal
7,10129,simpson_kidneystone,det-counterfactual,3,no,residual,9,-9.9375,-10.5,-9.25,0.6875,-1.2222222222222223,hf_last_token_formal_to_natural,qwen3_4b,Qwen3-4B,formal
7,10129,simpson_kidneystone,det-counterfactual,3,no,residual,10,-9.9375,-10.5,-9.375,0.5625,-1.0,hf_last_token_formal_to_natural,qwen3_4b,Qwen3-4B,formal
7,10129,simpson_kidneystone,det-counterfactual,3,no,residual,11,-9.9375,-10.5,-9.625,0.3125,-0.5555555555555556,hf_last_token_formal_to_natural,qwen3_4b,Qwen3-4B,formal
7,10129,simpson_kidneystone,det-counterfactual,3,no,residual,12,-9.9375,-10.5,-9.875,0.0625,-0.1111111111111111,hf_last_token_formal_to_natural,qwen3_4b,Qwen3-4B,formal
7,10129,simpson_kidneystone,det-counterfactual,3,no,residual,13,-9.9375,-10.5,-10.375,-0.4375,0.7777777777777778,hf_last_token_formal_to_natural,qwen3_4b,Qwen3-4B,formal
7,10129,simpson_kidneystone,det-counterfactual,3,no,residual,14,-9.9375,-10.5,-9.9375,0.0,-0.0,hf_last_token_formal_to_natural,qwen3_4b,Qwen3-4B,formal
7,10129,simpson_kidneystone,det-counterfactual,3,no,residual,15,-9.9375,-10.5,-9.6875,0.25,-0.4444444444444444,hf_last_token_formal_to_natural,qwen3_4b,Qwen3-4B,formal
7,10129,simpson_kidneystone,det-counterfactual,3,no,residual,16,-9.9375,-10.5,-9.625,0.3125,-0.5555555555555556,hf_last_token_formal_to_natural,qwen3_4b,Qwen3-4B,formal
7,10129,simpson_kidneystone,det-counterfactual,3,no,residual,17,-9.9375,-10.5,-9.75,0.1875,-0.3333333333333333,hf_last_token_formal_to_natural,qwen3_4b,Qwen3-4B,formal
7,10129,simpson_kidneystone,det-counterfactual,3,no,residual,18,-9.9375,-10.5,-9.9375,0.0,-0.0,hf_last_token_formal_to_natural,qwen3_4b,Qwen3-4B,formal
7,10129,simpson_kidneystone,det-counterfactual,3,no,residual,19,-9.9375,-10.5,-9.8125,0.125,-0.2222222222222222,hf_last_token_formal_to_natural,qwen3_4b,Qwen3-4B,formal
7,10129,simpson_kidneystone,det-counterfactual,3,no,residual,20,-9.9375,-10.5,-11.125,-1.1875,2.111111111111111,hf_last_token_formal_to_natural,qwen3_4b,Qwen3-4B,formal
7,10129,simpson_kidneystone,det-counterfactual,3,no,residual,21,-9.9375,-10.5,-10.25,-0.3125,0.5555555555555556,hf_last_token_formal_to_natural,qwen3_4b,Qwen3-4B,formal
7,10129,simpson_kidneystone,det-counterfactual,3,no,residual,22,-9.9375,-10.5,-10.875,-0.9375,1.6666666666666667,hf_last_token_formal_to_natural,qwen3_4b,Qwen3-4B,formal
7,10129,simpson_kidneystone,det-counterfactual,3,no,residual,23,-9.9375,-10.5,-10.25,-0.3125,0.5555555555555556,hf_last_token_formal_to_natural,qwen3_4b,Qwen3-4B,formal
7,10129,simpson_kidneystone,det-counterfactual,3,no,residual,24,-9.9375,-10.5,-10.4375,-0.5,0.8888888888888888,hf_last_token_formal_to_natural,qwen3_4b,Qwen3-4B,formal
7,10129,simpson_kidneystone,det-counterfactual,3,no,residual,25,-9.9375,-10.5,-9.875,0.0625,-0.1111111111111111,hf_last_token_formal_to_natural,qwen3_4b,Qwen3-4B,formal
7,10129,simpson_kidneystone,det-counterfactual,3,no,residual,26,-9.9375,-10.5,-9.75,0.1875,-0.3333333333333333,hf_last_token_formal_to_natural,qwen3_4b,Qwen3-4B,formal
7,10129,simpson_kidneystone,det-counterfactual,3,no,residual,27,-9.9375,-10.5,-9.75,0.1875,-0.3333333333333333,hf_last_token_formal_to_natural,qwen3_4b,Qwen3-4B,formal
7,10129,simpson_kidneystone,det-counterfactual,3,no,residual,28,-9.9375,-10.5,-9.375,0.5625,-1.0,hf_last_token_formal_to_natural,qwen3_4b,Qwen3-4B,formal
7,10129,simpson_kidneystone,det-counterfactual,3,no,residual,29,-9.9375,-10.5,-10.0625,-0.125,0.2222222222222222,hf_last_token_formal_to_natural,qwen3_4b,Qwen3-4B,formal
7,10129,simpson_kidneystone,det-counterfactual,3,no,residual,30,-9.9375,-10.5,-10.3125,-0.375,0.6666666666666666,hf_last_token_formal_to_natural,qwen3_4b,Qwen3-4B,formal
7,10129,simpson_kidneystone,det-counterfactual,3,no,residual,31,-9.9375,-10.5,-10.875,-0.9375,1.6666666666666667,hf_last_token_formal_to_natural,qwen3_4b,Qwen3-4B,formal
7,10129,simpson_kidneystone,det-counterfactual,3,no,residual,32,-9.9375,-10.5,-10.875,-0.9375,1.6666666666666667,hf_last_token_formal_to_natural,qwen3_4b,Qwen3-4B,formal
7,10129,simpson_kidneystone,det-counterfactual,3,no,residual,33,-9.9375,-10.5,-10.75,-0.8125,1.4444444444444444,hf_last_token_formal_to_natural,qwen3_4b,Qwen3-4B,formal
7,10129,simpson_kidneystone,det-counterfactual,3,no,residual,34,-9.9375,-10.5,-10.6875,-0.75,1.3333333333333333,hf_last_token_formal_to_natural,qwen3_4b,Qwen3-4B,formal
7,10129,simpson_kidneystone,det-counterfactual,3,no,residual,35,-9.9375,-10.5,-10.5,-0.5625,1.0,hf_last_token_formal_to_natural,qwen3_4b,Qwen3-4B,formal
8,20089,vaccine_kills,det-counterfactual,3,no,residual,0,-5.5625,-7.75,-5.5,0.0625,-0.0285714285714285,hf_last_token_formal_to_natural,qwen3_4b,Qwen3-4B,formal
8,20089,vaccine_kills,det-counterfactual,3,no,residual,1,-5.5625,-7.75,-5.25,0.3125,-0.1428571428571428,hf_last_token_formal_to_natural,qwen3_4b,Qwen3-4B,formal
8,20089,vaccine_kills,det-counterfactual,3,no,residual,2,-5.5625,-7.75,-5.25,0.3125,-0.1428571428571428,hf_last_token_formal_to_natural,qwen3_4b,Qwen3-4B,formal
8,20089,vaccine_kills,det-counterfactual,3,no,residual,3,-5.5625,-7.75,-5.4375,0.125,-0.0571428571428571,hf_last_token_formal_to_natural,qwen3_4b,Qwen3-4B,formal
8,20089,vaccine_kills,det-counterfactual,3,no,residual,4,-5.5625,-7.75,-5.4375,0.125,-0.0571428571428571,hf_last_token_formal_to_natural,qwen3_4b,Qwen3-4B,formal
8,20089,vaccine_kills,det-counterfactual,3,no,residual,5,-5.5625,-7.75,-5.40625,0.15625,-0.0714285714285714,hf_last_token_formal_to_natural,qwen3_4b,Qwen3-4B,formal
8,20089,vaccine_kills,det-counterfactual,3,no,residual,6,-5.5625,-7.75,-5.25,0.3125,-0.1428571428571428,hf_last_token_formal_to_natural,qwen3_4b,Qwen3-4B,formal
8,20089,vaccine_kills,det-counterfactual,3,no,residual,7,-5.5625,-7.75,-5.5,0.0625,-0.0285714285714285,hf_last_token_formal_to_natural,qwen3_4b,Qwen3-4B,formal
8,20089,vaccine_kills,det-counterfactual,3,no,residual,8,-5.5625,-7.75,-5.1875,0.375,-0.1714285714285714,hf_last_token_formal_to_natural,qwen3_4b,Qwen3-4B,formal
8,20089,vaccine_kills,det-counterfactual,3,no,residual,9,-5.5625,-7.75,-5.5,0.0625,-0.0285714285714285,hf_last_token_formal_to_natural,qwen3_4b,Qwen3-4B,formal
8,20089,vaccine_kills,det-counterfactual,3,no,residual,10,-5.5625,-7.75,-5.4375,0.125,-0.0571428571428571,hf_last_token_formal_to_natural,qwen3_4b,Qwen3-4B,formal
8,20089,vaccine_kills,det-counterfactual,3,no,residual,11,-5.5625,-7.75,-5.625,-0.0625,0.0285714285714285,hf_last_token_formal_to_natural,qwen3_4b,Qwen3-4B,formal
8,20089,vaccine_kills,det-counterfactual,3,no,residual,12,-5.5625,-7.75,-6.1875,-0.625,0.2857142857142857,hf_last_token_formal_to_natural,qwen3_4b,Qwen3-4B,formal
8,20089,vaccine_kills,det-counterfactual,3,no,residual,13,-5.5625,-7.75,-6.25,-0.6875,0.3142857142857143,hf_last_token_formal_to_natural,qwen3_4b,Qwen3-4B,formal
8,20089,vaccine_kills,det-counterfactual,3,no,residual,14,-5.5625,-7.75,-5.71875,-0.15625,0.0714285714285714,hf_last_token_formal_to_natural,qwen3_4b,Qwen3-4B,formal
8,20089,vaccine_kills,det-counterfactual,3,no,residual,15,-5.5625,-7.75,-5.65625,-0.09375,0.0428571428571428,hf_last_token_formal_to_natural,qwen3_4b,Qwen3-4B,formal
8,20089,vaccine_kills,det-counterfactual,3,no,residual,16,-5.5625,-7.75,-5.53125,0.03125,-0.0142857142857142,hf_last_token_formal_to_natural,qwen3_4b,Qwen3-4B,formal
8,20089,vaccine_kills,det-counterfactual,3,no,residual,17,-5.5625,-7.75,-5.71875,-0.15625,0.0714285714285714,hf_last_token_formal_to_natural,qwen3_4b,Qwen3-4B,formal
8,20089,vaccine_kills,det-counterfactual,3,no,residual,18,-5.5625,-7.75,-5.8125,-0.25,0.1142857142857142,hf_last_token_formal_to_natural,qwen3_4b,Qwen3-4B,formal
8,20089,vaccine_kills,det-counterfactual,3,no,residual,19,-5.5625,-7.75,-5.5,0.0625,-0.0285714285714285,hf_last_token_formal_to_natural,qwen3_4b,Qwen3-4B,formal
8,20089,vaccine_kills,det-counterfactual,3,no,residual,20,-5.5625,-7.75,-6.96875,-1.40625,0.6428571428571429,hf_last_token_formal_to_natural,qwen3_4b,Qwen3-4B,formal
8,20089,vaccine_kills,det-counterfactual,3,no,residual,21,-5.5625,-7.75,-6.53125,-0.96875,0.4428571428571428,hf_last_token_formal_to_natural,qwen3_4b,Qwen3-4B,formal
8,20089,vaccine_kills,det-counterfactual,3,no,residual,22,-5.5625,-7.75,-6.75,-1.1875,0.5428571428571428,hf_last_token_formal_to_natural,qwen3_4b,Qwen3-4B,formal
8,20089,vaccine_kills,det-counterfactual,3,no,residual,23,-5.5625,-7.75,-6.8125,-1.25,0.5714285714285714,hf_last_token_formal_to_natural,qwen3_4b,Qwen3-4B,formal
8,20089,vaccine_kills,det-counterfactual,3,no,residual,24,-5.5625,-7.75,-6.6875,-1.125,0.5142857142857142,hf_last_token_formal_to_natural,qwen3_4b,Qwen3-4B,formal
8,20089,vaccine_kills,det-counterfactual,3,no,residual,25,-5.5625,-7.75,-6.40625,-0.84375,0.3857142857142857,hf_last_token_formal_to_natural,qwen3_4b,Qwen3-4B,formal
8,20089,vaccine_kills,det-counterfactual,3,no,residual,26,-5.5625,-7.75,-6.40625,-0.84375,0.3857142857142857,hf_last_token_formal_to_natural,qwen3_4b,Qwen3-4B,formal
8,20089,vaccine_kills,det-counterfactual,3,no,residual,27,-5.5625,-7.75,-6.65625,-1.09375,0.5,hf_last_token_formal_to_natural,qwen3_4b,Qwen3-4B,formal
8,20089,vaccine_kills,det-counterfactual,3,no,residual,28,-5.5625,-7.75,-6.59375,-1.03125,0.4714285714285714,hf_last_token_formal_to_natural,qwen3_4b,Qwen3-4B,formal
8,20089,vaccine_kills,det-counterfactual,3,no,residual,29,-5.5625,-7.75,-7.0,-1.4375,0.6571428571428571,hf_last_token_formal_to_natural,qwen3_4b,Qwen3-4B,formal
8,20089,vaccine_kills,det-counterfactual,3,no,residual,30,-5.5625,-7.75,-7.625,-2.0625,0.9428571428571428,hf_last_token_formal_to_natural,qwen3_4b,Qwen3-4B,formal
8,20089,vaccine_kills,det-counterfactual,3,no,residual,31,-5.5625,-7.75,-8.0625,-2.5,1.1428571428571428,hf_last_token_formal_to_natural,qwen3_4b,Qwen3-4B,formal
8,20089,vaccine_kills,det-counterfactual,3,no,residual,32,-5.5625,-7.75,-8.1875,-2.625,1.2,hf_last_token_formal_to_natural,qwen3_4b,Qwen3-4B,formal
8,20089,vaccine_kills,det-counterfactual,3,no,residual,33,-5.5625,-7.75,-7.9375,-2.375,1.0857142857142856,hf_last_token_formal_to_natural,qwen3_4b,Qwen3-4B,formal
8,20089,vaccine_kills,det-counterfactual,3,no,residual,34,-5.5625,-7.75,-8.0,-2.4375,1.1142857142857143,hf_last_token_formal_to_natural,qwen3_4b,Qwen3-4B,formal
8,20089,vaccine_kills,det-counterfactual,3,no,residual,35,-5.5625,-7.75,-7.75,-2.1875,1.0,hf_last_token_formal_to_natural,qwen3_4b,Qwen3-4B,formal
9,28840,nonsense8,ett,3,yes,residual,0,8.375,8.75,8.8125,0.4375,1.1666666666666667,hf_last_token_formal_to_natural,qwen3_4b,Qwen3-4B,formal
9,28840,nonsense8,ett,3,yes,residual,1,8.375,8.75,8.375,0.0,0.0,hf_last_token_formal_to_natural,qwen3_4b,Qwen3-4B,formal
9,28840,nonsense8,ett,3,yes,residual,2,8.375,8.75,8.4375,0.0625,0.1666666666666666,hf_last_token_formal_to_natural,qwen3_4b,Qwen3-4B,formal
9,28840,nonsense8,ett,3,yes,residual,3,8.375,8.75,8.5,0.125,0.3333333333333333,hf_last_token_formal_to_natural,qwen3_4b,Qwen3-4B,formal
9,28840,nonsense8,ett,3,yes,residual,4,8.375,8.75,8.4375,0.0625,0.1666666666666666,hf_last_token_formal_to_natural,qwen3_4b,Qwen3-4B,formal
9,28840,nonsense8,ett,3,yes,residual,5,8.375,8.75,8.5625,0.1875,0.5,hf_last_token_formal_to_natural,qwen3_4b,Qwen3-4B,formal
9,28840,nonsense8,ett,3,yes,residual,6,8.375,8.75,8.6875,0.3125,0.8333333333333334,hf_last_token_formal_to_natural,qwen3_4b,Qwen3-4B,formal
9,28840,nonsense8,ett,3,yes,residual,7,8.375,8.75,8.625,0.25,0.6666666666666666,hf_last_token_formal_to_natural,qwen3_4b,Qwen3-4B,formal
9,28840,nonsense8,ett,3,yes,residual,8,8.375,8.75,8.25,-0.125,-0.3333333333333333,hf_last_token_formal_to_natural,qwen3_4b,Qwen3-4B,formal
9,28840,nonsense8,ett,3,yes,residual,9,8.375,8.75,8.75,0.375,1.0,hf_last_token_formal_to_natural,qwen3_4b,Qwen3-4B,formal
9,28840,nonsense8,ett,3,yes,residual,10,8.375,8.75,8.75,0.375,1.0,hf_last_token_formal_to_natural,qwen3_4b,Qwen3-4B,formal
9,28840,nonsense8,ett,3,yes,residual,11,8.375,8.75,8.625,0.25,0.6666666666666666,hf_last_token_formal_to_natural,qwen3_4b,Qwen3-4B,formal
9,28840,nonsense8,ett,3,yes,residual,12,8.375,8.75,8.9375,0.5625,1.5,hf_last_token_formal_to_natural,qwen3_4b,Qwen3-4B,formal
9,28840,nonsense8,ett,3,yes,residual,13,8.375,8.75,9.5,1.125,3.0,hf_last_token_formal_to_natural,qwen3_4b,Qwen3-4B,formal
9,28840,nonsense8,ett,3,yes,residual,14,8.375,8.75,9.1875,0.8125,2.1666666666666665,hf_last_token_formal_to_natural,qwen3_4b,Qwen3-4B,formal
9,28840,nonsense8,ett,3,yes,residual,15,8.375,8.75,9.0,0.625,1.6666666666666667,hf_last_token_formal_to_natural,qwen3_4b,Qwen3-4B,formal
9,28840,nonsense8,ett,3,yes,residual,16,8.375,8.75,8.5,0.125,0.3333333333333333,hf_last_token_formal_to_natural,qwen3_4b,Qwen3-4B,formal
9,28840,nonsense8,ett,3,yes,residual,17,8.375,8.75,8.8125,0.4375,1.1666666666666667,hf_last_token_formal_to_natural,qwen3_4b,Qwen3-4B,formal
9,28840,nonsense8,ett,3,yes,residual,18,8.375,8.75,9.0625,0.6875,1.8333333333333333,hf_last_token_formal_to_natural,qwen3_4b,Qwen3-4B,formal
9,28840,nonsense8,ett,3,yes,residual,19,8.375,8.75,9.125,0.75,2.0,hf_last_token_formal_to_natural,qwen3_4b,Qwen3-4B,formal
9,28840,nonsense8,ett,3,yes,residual,20,8.375,8.75,9.75,1.375,3.6666666666666665,hf_last_token_formal_to_natural,qwen3_4b,Qwen3-4B,formal
9,28840,nonsense8,ett,3,yes,residual,21,8.375,8.75,9.5625,1.1875,3.1666666666666665,hf_last_token_formal_to_natural,qwen3_4b,Qwen3-4B,formal
9,28840,nonsense8,ett,3,yes,residual,22,8.375,8.75,9.5,1.125,3.0,hf_last_token_formal_to_natural,qwen3_4b,Qwen3-4B,formal
9,28840,nonsense8,ett,3,yes,residual,23,8.375,8.75,8.625,0.25,0.6666666666666666,hf_last_token_formal_to_natural,qwen3_4b,Qwen3-4B,formal
9,28840,nonsense8,ett,3,yes,residual,24,8.375,8.75,8.375,0.0,0.0,hf_last_token_formal_to_natural,qwen3_4b,Qwen3-4B,formal
9,28840,nonsense8,ett,3,yes,residual,25,8.375,8.75,7.9375,-0.4375,-1.1666666666666667,hf_last_token_formal_to_natural,qwen3_4b,Qwen3-4B,formal
9,28840,nonsense8,ett,3,yes,residual,26,8.375,8.75,8.0,-0.375,-1.0,hf_last_token_formal_to_natural,qwen3_4b,Qwen3-4B,formal
9,28840,nonsense8,ett,3,yes,residual,27,8.375,8.75,8.3125,-0.0625,-0.1666666666666666,hf_last_token_formal_to_natural,qwen3_4b,Qwen3-4B,formal
9,28840,nonsense8,ett,3,yes,residual,28,8.375,8.75,8.1875,-0.1875,-0.5,hf_last_token_formal_to_natural,qwen3_4b,Qwen3-4B,formal
9,28840,nonsense8,ett,3,yes,residual,29,8.375,8.75,8.5,0.125,0.3333333333333333,hf_last_token_formal_to_natural,qwen3_4b,Qwen3-4B,formal
9,28840,nonsense8,ett,3,yes,residual,30,8.375,8.75,8.9375,0.5625,1.5,hf_last_token_formal_to_natural,qwen3_4b,Qwen3-4B,formal
9,28840,nonsense8,ett,3,yes,residual,31,8.375,8.75,9.3125,0.9375,2.5,hf_last_token_formal_to_natural,qwen3_4b,Qwen3-4B,formal
9,28840,nonsense8,ett,3,yes,residual,32,8.375,8.75,9.25,0.875,2.333333333333333,hf_last_token_formal_to_natural,qwen3_4b,Qwen3-4B,formal
9,28840,nonsense8,ett,3,yes,residual,33,8.375,8.75,9.0,0.625,1.6666666666666667,hf_last_token_formal_to_natural,qwen3_4b,Qwen3-4B,formal
9,28840,nonsense8,ett,3,yes,residual,34,8.375,8.75,9.0625,0.6875,1.8333333333333333,hf_last_token_formal_to_natural,qwen3_4b,Qwen3-4B,formal
9,28840,nonsense8,ett,3,yes,residual,35,8.375,8.75,8.75,0.375,1.0,hf_last_token_formal_to_natural,qwen3_4b,Qwen3-4B,formal
10,12104,college_salary,marginal,1,yes,residual,0,6.875,9.9375,6.71875,-0.15625,-0.0510204081632653,hf_last_token_formal_to_natural,qwen3_4b,Qwen3-4B,formal
10,12104,college_salary,marginal,1,yes,residual,1,6.875,9.9375,6.71875,-0.15625,-0.0510204081632653,hf_last_token_formal_to_natural,qwen3_4b,Qwen3-4B,formal
10,12104,college_salary,marginal,1,yes,residual,2,6.875,9.9375,6.875,0.0,0.0,hf_last_token_formal_to_natural,qwen3_4b,Qwen3-4B,formal
10,12104,college_salary,marginal,1,yes,residual,3,6.875,9.9375,7.1875,0.3125,0.1020408163265306,hf_last_token_formal_to_natural,qwen3_4b,Qwen3-4B,formal
10,12104,college_salary,marginal,1,yes,residual,4,6.875,9.9375,7.21875,0.34375,0.1122448979591836,hf_last_token_formal_to_natural,qwen3_4b,Qwen3-4B,formal
10,12104,college_salary,marginal,1,yes,residual,5,6.875,9.9375,7.1875,0.3125,0.1020408163265306,hf_last_token_formal_to_natural,qwen3_4b,Qwen3-4B,formal
10,12104,college_salary,marginal,1,yes,residual,6,6.875,9.9375,7.125,0.25,0.0816326530612244,hf_last_token_formal_to_natural,qwen3_4b,Qwen3-4B,formal
10,12104,college_salary,marginal,1,yes,residual,7,6.875,9.9375,7.09375,0.21875,0.0714285714285714,hf_last_token_formal_to_natural,qwen3_4b,Qwen3-4B,formal
10,12104,college_salary,marginal,1,yes,residual,8,6.875,9.9375,7.0625,0.1875,0.0612244897959183,hf_last_token_formal_to_natural,qwen3_4b,Qwen3-4B,formal
10,12104,college_salary,marginal,1,yes,residual,9,6.875,9.9375,7.21875,0.34375,0.1122448979591836,hf_last_token_formal_to_natural,qwen3_4b,Qwen3-4B,formal
10,12104,college_salary,marginal,1,yes,residual,10,6.875,9.9375,7.40625,0.53125,0.173469387755102,hf_last_token_formal_to_natural,qwen3_4b,Qwen3-4B,formal
10,12104,college_salary,marginal,1,yes,residual,11,6.875,9.9375,6.875,0.0,0.0,hf_last_token_formal_to_natural,qwen3_4b,Qwen3-4B,formal
10,12104,college_salary,marginal,1,yes,residual,12,6.875,9.9375,7.9375,1.0625,0.3469387755102041,hf_last_token_formal_to_natural,qwen3_4b,Qwen3-4B,formal
10,12104,college_salary,marginal,1,yes,residual,13,6.875,9.9375,8.3125,1.4375,0.4693877551020408,hf_last_token_formal_to_natural,qwen3_4b,Qwen3-4B,formal
10,12104,college_salary,marginal,1,yes,residual,14,6.875,9.9375,7.5625,0.6875,0.2244897959183673,hf_last_token_formal_to_natural,qwen3_4b,Qwen3-4B,formal
10,12104,college_salary,marginal,1,yes,residual,15,6.875,9.9375,7.6875,0.8125,0.2653061224489796,hf_last_token_formal_to_natural,qwen3_4b,Qwen3-4B,formal
10,12104,college_salary,marginal,1,yes,residual,16,6.875,9.9375,7.21875,0.34375,0.1122448979591836,hf_last_token_formal_to_natural,qwen3_4b,Qwen3-4B,formal
10,12104,college_salary,marginal,1,yes,residual,17,6.875,9.9375,7.5625,0.6875,0.2244897959183673,hf_last_token_formal_to_natural,qwen3_4b,Qwen3-4B,formal
10,12104,college_salary,marginal,1,yes,residual,18,6.875,9.9375,7.5625,0.6875,0.2244897959183673,hf_last_token_formal_to_natural,qwen3_4b,Qwen3-4B,formal
10,12104,college_salary,marginal,1,yes,residual,19,6.875,9.9375,7.1875,0.3125,0.1020408163265306,hf_last_token_formal_to_natural,qwen3_4b,Qwen3-4B,formal
10,12104,college_salary,marginal,1,yes,residual,20,6.875,9.9375,7.9375,1.0625,0.3469387755102041,hf_last_token_formal_to_natural,qwen3_4b,Qwen3-4B,formal
10,12104,college_salary,marginal,1,yes,residual,21,6.875,9.9375,7.8125,0.9375,0.3061224489795918,hf_last_token_formal_to_natural,qwen3_4b,Qwen3-4B,formal
10,12104,college_salary,marginal,1,yes,residual,22,6.875,9.9375,7.71875,0.84375,0.2755102040816326,hf_last_token_formal_to_natural,qwen3_4b,Qwen3-4B,formal
10,12104,college_salary,marginal,1,yes,residual,23,6.875,9.9375,7.03125,0.15625,0.0510204081632653,hf_last_token_formal_to_natural,qwen3_4b,Qwen3-4B,formal
10,12104,college_salary,marginal,1,yes,residual,24,6.875,9.9375,7.8125,0.9375,0.3061224489795918,hf_last_token_formal_to_natural,qwen3_4b,Qwen3-4B,formal
10,12104,college_salary,marginal,1,yes,residual,25,6.875,9.9375,7.6875,0.8125,0.2653061224489796,hf_last_token_formal_to_natural,qwen3_4b,Qwen3-4B,formal
10,12104,college_salary,marginal,1,yes,residual,26,6.875,9.9375,7.90625,1.03125,0.336734693877551,hf_last_token_formal_to_natural,qwen3_4b,Qwen3-4B,formal
10,12104,college_salary,marginal,1,yes,residual,27,6.875,9.9375,8.3125,1.4375,0.4693877551020408,hf_last_token_formal_to_natural,qwen3_4b,Qwen3-4B,formal
10,12104,college_salary,marginal,1,yes,residual,28,6.875,9.9375,8.5625,1.6875,0.5510204081632653,hf_last_token_formal_to_natural,qwen3_4b,Qwen3-4B,formal
10,12104,college_salary,marginal,1,yes,residual,29,6.875,9.9375,9.3125,2.4375,0.7959183673469388,hf_last_token_formal_to_natural,qwen3_4b,Qwen3-4B,formal
10,12104,college_salary,marginal,1,yes,residual,30,6.875,9.9375,9.4375,2.5625,0.8367346938775511,hf_last_token_formal_to_natural,qwen3_4b,Qwen3-4B,formal
10,12104,college_salary,marginal,1,yes,residual,31,6.875,9.9375,10.0,3.125,1.020408163265306,hf_last_token_formal_to_natural,qwen3_4b,Qwen3-4B,formal
10,12104,college_salary,marginal,1,yes,residual,32,6.875,9.9375,10.1875,3.3125,1.0816326530612246,hf_last_token_formal_to_natural,qwen3_4b,Qwen3-4B,formal
10,12104,college_salary,marginal,1,yes,residual,33,6.875,9.9375,10.25,3.375,1.1020408163265305,hf_last_token_formal_to_natural,qwen3_4b,Qwen3-4B,formal
10,12104,college_salary,marginal,1,yes,residual,34,6.875,9.9375,10.0,3.125,1.020408163265306,hf_last_token_formal_to_natural,qwen3_4b,Qwen3-4B,formal
10,12104,college_salary,marginal,1,yes,residual,35,6.875,9.9375,9.9375,3.0625,1.0,hf_last_token_formal_to_natural,qwen3_4b,Qwen3-4B,formal
11,17041,college_wage,marginal,1,yes,residual,0,8.25,9.0,8.25,0.0,0.0,hf_last_token_formal_to_natural,qwen3_4b,Qwen3-4B,formal
11,17041,college_wage,marginal,1,yes,residual,1,8.25,9.0,8.0,-0.25,-0.3333333333333333,hf_last_token_formal_to_natural,qwen3_4b,Qwen3-4B,formal
11,17041,college_wage,marginal,1,yes,residual,2,8.25,9.0,8.125,-0.125,-0.1666666666666666,hf_last_token_formal_to_natural,qwen3_4b,Qwen3-4B,formal
11,17041,college_wage,marginal,1,yes,residual,3,8.25,9.0,8.25,0.0,0.0,hf_last_token_formal_to_natural,qwen3_4b,Qwen3-4B,formal
11,17041,college_wage,marginal,1,yes,residual,4,8.25,9.0,8.1875,-0.0625,-0.0833333333333333,hf_last_token_formal_to_natural,qwen3_4b,Qwen3-4B,formal
11,17041,college_wage,marginal,1,yes,residual,5,8.25,9.0,7.9375,-0.3125,-0.4166666666666667,hf_last_token_formal_to_natural,qwen3_4b,Qwen3-4B,formal
11,17041,college_wage,marginal,1,yes,residual,6,8.25,9.0,8.1875,-0.0625,-0.0833333333333333,hf_last_token_formal_to_natural,qwen3_4b,Qwen3-4B,formal
11,17041,college_wage,marginal,1,yes,residual,7,8.25,9.0,7.75,-0.5,-0.6666666666666666,hf_last_token_formal_to_natural,qwen3_4b,Qwen3-4B,formal
11,17041,college_wage,marginal,1,yes,residual,8,8.25,9.0,7.59375,-0.65625,-0.875,hf_last_token_formal_to_natural,qwen3_4b,Qwen3-4B,formal
11,17041,college_wage,marginal,1,yes,residual,9,8.25,9.0,7.8125,-0.4375,-0.5833333333333334,hf_last_token_formal_to_natural,qwen3_4b,Qwen3-4B,formal
11,17041,college_wage,marginal,1,yes,residual,10,8.25,9.0,7.875,-0.375,-0.5,hf_last_token_formal_to_natural,qwen3_4b,Qwen3-4B,formal
11,17041,college_wage,marginal,1,yes,residual,11,8.25,9.0,8.125,-0.125,-0.1666666666666666,hf_last_token_formal_to_natural,qwen3_4b,Qwen3-4B,formal
11,17041,college_wage,marginal,1,yes,residual,12,8.25,9.0,8.25,0.0,0.0,hf_last_token_formal_to_natural,qwen3_4b,Qwen3-4B,formal
11,17041,college_wage,marginal,1,yes,residual,13,8.25,9.0,8.375,0.125,0.1666666666666666,hf_last_token_formal_to_natural,qwen3_4b,Qwen3-4B,formal
11,17041,college_wage,marginal,1,yes,residual,14,8.25,9.0,8.0625,-0.1875,-0.25,hf_last_token_formal_to_natural,qwen3_4b,Qwen3-4B,formal
11,17041,college_wage,marginal,1,yes,residual,15,8.25,9.0,8.25,0.0,0.0,hf_last_token_formal_to_natural,qwen3_4b,Qwen3-4B,formal
11,17041,college_wage,marginal,1,yes,residual,16,8.25,9.0,8.375,0.125,0.1666666666666666,hf_last_token_formal_to_natural,qwen3_4b,Qwen3-4B,formal
11,17041,college_wage,marginal,1,yes,residual,17,8.25,9.0,8.6875,0.4375,0.5833333333333334,hf_last_token_formal_to_natural,qwen3_4b,Qwen3-4B,formal
11,17041,college_wage,marginal,1,yes,residual,18,8.25,9.0,9.0,0.75,1.0,hf_last_token_formal_to_natural,qwen3_4b,Qwen3-4B,formal
11,17041,college_wage,marginal,1,yes,residual,19,8.25,9.0,8.4375,0.1875,0.25,hf_last_token_formal_to_natural,qwen3_4b,Qwen3-4B,formal
11,17041,college_wage,marginal,1,yes,residual,20,8.25,9.0,9.0,0.75,1.0,hf_last_token_formal_to_natural,qwen3_4b,Qwen3-4B,formal
11,17041,college_wage,marginal,1,yes,residual,21,8.25,9.0,8.8125,0.5625,0.75,hf_last_token_formal_to_natural,qwen3_4b,Qwen3-4B,formal
11,17041,college_wage,marginal,1,yes,residual,22,8.25,9.0,9.0,0.75,1.0,hf_last_token_formal_to_natural,qwen3_4b,Qwen3-4B,formal
11,17041,college_wage,marginal,1,yes,residual,23,8.25,9.0,8.625,0.375,0.5,hf_last_token_formal_to_natural,qwen3_4b,Qwen3-4B,formal
11,17041,college_wage,marginal,1,yes,residual,24,8.25,9.0,8.4375,0.1875,0.25,hf_last_token_formal_to_natural,qwen3_4b,Qwen3-4B,formal
11,17041,college_wage,marginal,1,yes,residual,25,8.25,9.0,8.3125,0.0625,0.0833333333333333,hf_last_token_formal_to_natural,qwen3_4b,Qwen3-4B,formal
11,17041,college_wage,marginal,1,yes,residual,26,8.25,9.0,8.0625,-0.1875,-0.25,hf_last_token_formal_to_natural,qwen3_4b,Qwen3-4B,formal
11,17041,college_wage,marginal,1,yes,residual,27,8.25,9.0,8.25,0.0,0.0,hf_last_token_formal_to_natural,qwen3_4b,Qwen3-4B,formal
11,17041,college_wage,marginal,1,yes,residual,28,8.25,9.0,8.3125,0.0625,0.0833333333333333,hf_last_token_formal_to_natural,qwen3_4b,Qwen3-4B,formal
11,17041,college_wage,marginal,1,yes,residual,29,8.25,9.0,8.6875,0.4375,0.5833333333333334,hf_last_token_formal_to_natural,qwen3_4b,Qwen3-4B,formal
11,17041,college_wage,marginal,1,yes,residual,30,8.25,9.0,9.0625,0.8125,1.0833333333333333,hf_last_token_formal_to_natural,qwen3_4b,Qwen3-4B,formal
11,17041,college_wage,marginal,1,yes,residual,31,8.25,9.0,9.625,1.375,1.8333333333333333,hf_last_token_formal_to_natural,qwen3_4b,Qwen3-4B,formal
11,17041,college_wage,marginal,1,yes,residual,32,8.25,9.0,9.75,1.5,2.0,hf_last_token_formal_to_natural,qwen3_4b,Qwen3-4B,formal
11,17041,college_wage,marginal,1,yes,residual,33,8.25,9.0,9.25,1.0,1.3333333333333333,hf_last_token_formal_to_natural,qwen3_4b,Qwen3-4B,formal
11,17041,college_wage,marginal,1,yes,residual,34,8.25,9.0,9.0,0.75,1.0,hf_last_token_formal_to_natural,qwen3_4b,Qwen3-4B,formal
11,17041,college_wage,marginal,1,yes,residual,35,8.25,9.0,9.0,0.75,1.0,hf_last_token_formal_to_natural,qwen3_4b,Qwen3-4B,formal
12,12755,gender_admission_state,marginal,1,no,residual,0,-9.25,-10.0,-9.25,0.0,-0.0,hf_last_token_formal_to_natural,qwen3_4b,Qwen3-4B,formal
12,12755,gender_admission_state,marginal,1,no,residual,1,-9.25,-10.0,-9.375,-0.125,0.1666666666666666,hf_last_token_formal_to_natural,qwen3_4b,Qwen3-4B,formal
12,12755,gender_admission_state,marginal,1,no,residual,2,-9.25,-10.0,-9.4375,-0.1875,0.25,hf_last_token_formal_to_natural,qwen3_4b,Qwen3-4B,formal
12,12755,gender_admission_state,marginal,1,no,residual,3,-9.25,-10.0,-9.75,-0.5,0.6666666666666666,hf_last_token_formal_to_natural,qwen3_4b,Qwen3-4B,formal
12,12755,gender_admission_state,marginal,1,no,residual,4,-9.25,-10.0,-10.125,-0.875,1.1666666666666667,hf_last_token_formal_to_natural,qwen3_4b,Qwen3-4B,formal
12,12755,gender_admission_state,marginal,1,no,residual,5,-9.25,-10.0,-9.9375,-0.6875,0.9166666666666666,hf_last_token_formal_to_natural,qwen3_4b,Qwen3-4B,formal
12,12755,gender_admission_state,marginal,1,no,residual,6,-9.25,-10.0,-9.9375,-0.6875,0.9166666666666666,hf_last_token_formal_to_natural,qwen3_4b,Qwen3-4B,formal
12,12755,gender_admission_state,marginal,1,no,residual,7,-9.25,-10.0,-9.625,-0.375,0.5,hf_last_token_formal_to_natural,qwen3_4b,Qwen3-4B,formal
12,12755,gender_admission_state,marginal,1,no,residual,8,-9.25,-10.0,-9.5,-0.25,0.3333333333333333,hf_last_token_formal_to_natural,qwen3_4b,Qwen3-4B,formal
12,12755,gender_admission_state,marginal,1,no,residual,9,-9.25,-10.0,-9.875,-0.625,0.8333333333333334,hf_last_token_formal_to_natural,qwen3_4b,Qwen3-4B,formal
12,12755,gender_admission_state,marginal,1,no,residual,10,-9.25,-10.0,-9.875,-0.625,0.8333333333333334,hf_last_token_formal_to_natural,qwen3_4b,Qwen3-4B,formal
12,12755,gender_admission_state,marginal,1,no,residual,11,-9.25,-10.0,-9.6875,-0.4375,0.5833333333333334,hf_last_token_formal_to_natural,qwen3_4b,Qwen3-4B,formal
12,12755,gender_admission_state,marginal,1,no,residual,12,-9.25,-10.0,-10.0625,-0.8125,1.0833333333333333,hf_last_token_formal_to_natural,qwen3_4b,Qwen3-4B,formal
12,12755,gender_admission_state,marginal,1,no,residual,13,-9.25,-10.0,-10.5,-1.25,1.6666666666666667,hf_last_token_formal_to_natural,qwen3_4b,Qwen3-4B,formal
12,12755,gender_admission_state,marginal,1,no,residual,14,-9.25,-10.0,-9.75,-0.5,0.6666666666666666,hf_last_token_formal_to_natural,qwen3_4b,Qwen3-4B,formal
12,12755,gender_admission_state,marginal,1,no,residual,15,-9.25,-10.0,-9.6875,-0.4375,0.5833333333333334,hf_last_token_formal_to_natural,qwen3_4b,Qwen3-4B,formal
12,12755,gender_admission_state,marginal,1,no,residual,16,-9.25,-10.0,-9.25,0.0,-0.0,hf_last_token_formal_to_natural,qwen3_4b,Qwen3-4B,formal
12,12755,gender_admission_state,marginal,1,no,residual,17,-9.25,-10.0,-9.5,-0.25,0.3333333333333333,hf_last_token_formal_to_natural,qwen3_4b,Qwen3-4B,formal
12,12755,gender_admission_state,marginal,1,no,residual,18,-9.25,-10.0,-9.8125,-0.5625,0.75,hf_last_token_formal_to_natural,qwen3_4b,Qwen3-4B,formal
12,12755,gender_admission_state,marginal,1,no,residual,19,-9.25,-10.0,-9.4375,-0.1875,0.25,hf_last_token_formal_to_natural,qwen3_4b,Qwen3-4B,formal
12,12755,gender_admission_state,marginal,1,no,residual,20,-9.25,-10.0,-10.0625,-0.8125,1.0833333333333333,hf_last_token_formal_to_natural,qwen3_4b,Qwen3-4B,formal
12,12755,gender_admission_state,marginal,1,no,residual,21,-9.25,-10.0,-9.4375,-0.1875,0.25,hf_last_token_formal_to_natural,qwen3_4b,Qwen3-4B,formal
12,12755,gender_admission_state,marginal,1,no,residual,22,-9.25,-10.0,-9.5625,-0.3125,0.4166666666666667,hf_last_token_formal_to_natural,qwen3_4b,Qwen3-4B,formal
12,12755,gender_admission_state,marginal,1,no,residual,23,-9.25,-10.0,-8.75,0.5,-0.6666666666666666,hf_last_token_formal_to_natural,qwen3_4b,Qwen3-4B,formal
12,12755,gender_admission_state,marginal,1,no,residual,24,-9.25,-10.0,-9.0,0.25,-0.3333333333333333,hf_last_token_formal_to_natural,qwen3_4b,Qwen3-4B,formal
12,12755,gender_admission_state,marginal,1,no,residual,25,-9.25,-10.0,-9.0,0.25,-0.3333333333333333,hf_last_token_formal_to_natural,qwen3_4b,Qwen3-4B,formal
12,12755,gender_admission_state,marginal,1,no,residual,26,-9.25,-10.0,-9.3125,-0.0625,0.0833333333333333,hf_last_token_formal_to_natural,qwen3_4b,Qwen3-4B,formal
12,12755,gender_admission_state,marginal,1,no,residual,27,-9.25,-10.0,-9.3125,-0.0625,0.0833333333333333,hf_last_token_formal_to_natural,qwen3_4b,Qwen3-4B,formal
12,12755,gender_admission_state,marginal,1,no,residual,28,-9.25,-10.0,-9.5,-0.25,0.3333333333333333,hf_last_token_formal_to_natural,qwen3_4b,Qwen3-4B,formal
12,12755,gender_admission_state,marginal,1,no,residual,29,-9.25,-10.0,-10.0,-0.75,1.0,hf_last_token_formal_to_natural,qwen3_4b,Qwen3-4B,formal
12,12755,gender_admission_state,marginal,1,no,residual,30,-9.25,-10.0,-10.125,-0.875,1.1666666666666667,hf_last_token_formal_to_natural,qwen3_4b,Qwen3-4B,formal
12,12755,gender_admission_state,marginal,1,no,residual,31,-9.25,-10.0,-10.5,-1.25,1.6666666666666667,hf_last_token_formal_to_natural,qwen3_4b,Qwen3-4B,formal
12,12755,gender_admission_state,marginal,1,no,residual,32,-9.25,-10.0,-10.375,-1.125,1.5,hf_last_token_formal_to_natural,qwen3_4b,Qwen3-4B,formal
12,12755,gender_admission_state,marginal,1,no,residual,33,-9.25,-10.0,-10.1875,-0.9375,1.25,hf_last_token_formal_to_natural,qwen3_4b,Qwen3-4B,formal
12,12755,gender_admission_state,marginal,1,no,residual,34,-9.25,-10.0,-10.0,-0.75,1.0,hf_last_token_formal_to_natural,qwen3_4b,Qwen3-4B,formal
12,12755,gender_admission_state,marginal,1,no,residual,35,-9.25,-10.0,-10.0,-0.75,1.0,hf_last_token_formal_to_natural,qwen3_4b,Qwen3-4B,formal
13,2588,gender_pay,marginal,1,yes,residual,0,9.9375,10.625,9.6875,-0.25,-0.3636363636363636,hf_last_token_formal_to_natural,qwen3_4b,Qwen3-4B,formal
13,2588,gender_pay,marginal,1,yes,residual,1,9.9375,10.625,9.625,-0.3125,-0.4545454545454545,hf_last_token_formal_to_natural,qwen3_4b,Qwen3-4B,formal
13,2588,gender_pay,marginal,1,yes,residual,2,9.9375,10.625,9.8125,-0.125,-0.1818181818181818,hf_last_token_formal_to_natural,qwen3_4b,Qwen3-4B,formal
13,2588,gender_pay,marginal,1,yes,residual,3,9.9375,10.625,9.875,-0.0625,-0.0909090909090909,hf_last_token_formal_to_natural,qwen3_4b,Qwen3-4B,formal
13,2588,gender_pay,marginal,1,yes,residual,4,9.9375,10.625,10.125,0.1875,0.2727272727272727,hf_last_token_formal_to_natural,qwen3_4b,Qwen3-4B,formal
13,2588,gender_pay,marginal,1,yes,residual,5,9.9375,10.625,9.8125,-0.125,-0.1818181818181818,hf_last_token_formal_to_natural,qwen3_4b,Qwen3-4B,formal
13,2588,gender_pay,marginal,1,yes,residual,6,9.9375,10.625,9.9375,0.0,0.0,hf_last_token_formal_to_natural,qwen3_4b,Qwen3-4B,formal
13,2588,gender_pay,marginal,1,yes,residual,7,9.9375,10.625,9.625,-0.3125,-0.4545454545454545,hf_last_token_formal_to_natural,qwen3_4b,Qwen3-4B,formal
13,2588,gender_pay,marginal,1,yes,residual,8,9.9375,10.625,9.625,-0.3125,-0.4545454545454545,hf_last_token_formal_to_natural,qwen3_4b,Qwen3-4B,formal
13,2588,gender_pay,marginal,1,yes,residual,9,9.9375,10.625,9.875,-0.0625,-0.0909090909090909,hf_last_token_formal_to_natural,qwen3_4b,Qwen3-4B,formal
13,2588,gender_pay,marginal,1,yes,residual,10,9.9375,10.625,10.0,0.0625,0.0909090909090909,hf_last_token_formal_to_natural,qwen3_4b,Qwen3-4B,formal
13,2588,gender_pay,marginal,1,yes,residual,11,9.9375,10.625,9.75,-0.1875,-0.2727272727272727,hf_last_token_formal_to_natural,qwen3_4b,Qwen3-4B,formal
13,2588,gender_pay,marginal,1,yes,residual,12,9.9375,10.625,10.0,0.0625,0.0909090909090909,hf_last_token_formal_to_natural,qwen3_4b,Qwen3-4B,formal
13,2588,gender_pay,marginal,1,yes,residual,13,9.9375,10.625,10.5625,0.625,0.9090909090909092,hf_last_token_formal_to_natural,qwen3_4b,Qwen3-4B,formal
13,2588,gender_pay,marginal,1,yes,residual,14,9.9375,10.625,9.875,-0.0625,-0.0909090909090909,hf_last_token_formal_to_natural,qwen3_4b,Qwen3-4B,formal
13,2588,gender_pay,marginal,1,yes,residual,15,9.9375,10.625,10.3125,0.375,0.5454545454545454,hf_last_token_formal_to_natural,qwen3_4b,Qwen3-4B,formal
13,2588,gender_pay,marginal,1,yes,residual,16,9.9375,10.625,9.9375,0.0,0.0,hf_last_token_formal_to_natural,qwen3_4b,Qwen3-4B,formal
13,2588,gender_pay,marginal,1,yes,residual,17,9.9375,10.625,10.0,0.0625,0.0909090909090909,hf_last_token_formal_to_natural,qwen3_4b,Qwen3-4B,formal
13,2588,gender_pay,marginal,1,yes,residual,18,9.9375,10.625,10.25,0.3125,0.4545454545454545,hf_last_token_formal_to_natural,qwen3_4b,Qwen3-4B,formal
13,2588,gender_pay,marginal,1,yes,residual,19,9.9375,10.625,9.4375,-0.5,-0.7272727272727273,hf_last_token_formal_to_natural,qwen3_4b,Qwen3-4B,formal
13,2588,gender_pay,marginal,1,yes,residual,20,9.9375,10.625,10.0625,0.125,0.1818181818181818,hf_last_token_formal_to_natural,qwen3_4b,Qwen3-4B,formal
13,2588,gender_pay,marginal,1,yes,residual,21,9.9375,10.625,9.25,-0.6875,-1.0,hf_last_token_formal_to_natural,qwen3_4b,Qwen3-4B,formal
13,2588,gender_pay,marginal,1,yes,residual,22,9.9375,10.625,9.5,-0.4375,-0.6363636363636364,hf_last_token_formal_to_natural,qwen3_4b,Qwen3-4B,formal
13,2588,gender_pay,marginal,1,yes,residual,23,9.9375,10.625,9.0625,-0.875,-1.2727272727272727,hf_last_token_formal_to_natural,qwen3_4b,Qwen3-4B,formal
13,2588,gender_pay,marginal,1,yes,residual,24,9.9375,10.625,9.5,-0.4375,-0.6363636363636364,hf_last_token_formal_to_natural,qwen3_4b,Qwen3-4B,formal
13,2588,gender_pay,marginal,1,yes,residual,25,9.9375,10.625,9.1875,-0.75,-1.0909090909090908,hf_last_token_formal_to_natural,qwen3_4b,Qwen3-4B,formal
13,2588,gender_pay,marginal,1,yes,residual,26,9.9375,10.625,9.25,-0.6875,-1.0,hf_last_token_formal_to_natural,qwen3_4b,Qwen3-4B,formal
13,2588,gender_pay,marginal,1,yes,residual,27,9.9375,10.625,9.625,-0.3125,-0.4545454545454545,hf_last_token_formal_to_natural,qwen3_4b,Qwen3-4B,formal
13,2588,gender_pay,marginal,1,yes,residual,28,9.9375,10.625,9.8125,-0.125,-0.1818181818181818,hf_last_token_formal_to_natural,qwen3_4b,Qwen3-4B,formal
13,2588,gender_pay,marginal,1,yes,residual,29,9.9375,10.625,10.25,0.3125,0.4545454545454545,hf_last_token_formal_to_natural,qwen3_4b,Qwen3-4B,formal
13,2588,gender_pay,marginal,1,yes,residual,30,9.9375,10.625,10.5,0.5625,0.8181818181818182,hf_last_token_formal_to_natural,qwen3_4b,Qwen3-4B,formal
13,2588,gender_pay,marginal,1,yes,residual,31,9.9375,10.625,10.875,0.9375,1.3636363636363635,hf_last_token_formal_to_natural,qwen3_4b,Qwen3-4B,formal
13,2588,gender_pay,marginal,1,yes,residual,32,9.9375,10.625,11.0,1.0625,1.5454545454545454,hf_last_token_formal_to_natural,qwen3_4b,Qwen3-4B,formal
13,2588,gender_pay,marginal,1,yes,residual,33,9.9375,10.625,10.75,0.8125,1.181818181818182,hf_last_token_formal_to_natural,qwen3_4b,Qwen3-4B,formal
13,2588,gender_pay,marginal,1,yes,residual,34,9.9375,10.625,10.625,0.6875,1.0,hf_last_token_formal_to_natural,qwen3_4b,Qwen3-4B,formal
13,2588,gender_pay,marginal,1,yes,residual,35,9.9375,10.625,10.625,0.6875,1.0,hf_last_token_formal_to_natural,qwen3_4b,Qwen3-4B,formal
14,11241,getting_late,marginal,1,no,residual,0,-9.625,-8.3125,-9.5625,0.0625,0.0476190476190476,hf_last_token_formal_to_natural,qwen3_4b,Qwen3-4B,formal
14,11241,getting_late,marginal,1,no,residual,1,-9.625,-8.3125,-9.25,0.375,0.2857142857142857,hf_last_token_formal_to_natural,qwen3_4b,Qwen3-4B,formal
14,11241,getting_late,marginal,1,no,residual,2,-9.625,-8.3125,-9.4375,0.1875,0.1428571428571428,hf_last_token_formal_to_natural,qwen3_4b,Qwen3-4B,formal
14,11241,getting_late,marginal,1,no,residual,3,-9.625,-8.3125,-9.3125,0.3125,0.238095238095238,hf_last_token_formal_to_natural,qwen3_4b,Qwen3-4B,formal
14,11241,getting_late,marginal,1,no,residual,4,-9.625,-8.3125,-9.375,0.25,0.1904761904761904,hf_last_token_formal_to_natural,qwen3_4b,Qwen3-4B,formal
14,11241,getting_late,marginal,1,no,residual,5,-9.625,-8.3125,-9.3125,0.3125,0.238095238095238,hf_last_token_formal_to_natural,qwen3_4b,Qwen3-4B,formal
14,11241,getting_late,marginal,1,no,residual,6,-9.625,-8.3125,-8.9375,0.6875,0.5238095238095238,hf_last_token_formal_to_natural,qwen3_4b,Qwen3-4B,formal
14,11241,getting_late,marginal,1,no,residual,7,-9.625,-8.3125,-8.4375,1.1875,0.9047619047619048,hf_last_token_formal_to_natural,qwen3_4b,Qwen3-4B,formal
14,11241,getting_late,marginal,1,no,residual,8,-9.625,-8.3125,-8.4375,1.1875,0.9047619047619048,hf_last_token_formal_to_natural,qwen3_4b,Qwen3-4B,formal
14,11241,getting_late,marginal,1,no,residual,9,-9.625,-8.3125,-8.25,1.375,1.0476190476190477,hf_last_token_formal_to_natural,qwen3_4b,Qwen3-4B,formal
14,11241,getting_late,marginal,1,no,residual,10,-9.625,-8.3125,-8.0,1.625,1.238095238095238,hf_last_token_formal_to_natural,qwen3_4b,Qwen3-4B,formal
14,11241,getting_late,marginal,1,no,residual,11,-9.625,-8.3125,-7.90625,1.71875,1.3095238095238095,hf_last_token_formal_to_natural,qwen3_4b,Qwen3-4B,formal
14,11241,getting_late,marginal,1,no,residual,12,-9.625,-8.3125,-8.1875,1.4375,1.0952380952380951,hf_last_token_formal_to_natural,qwen3_4b,Qwen3-4B,formal
14,11241,getting_late,marginal,1,no,residual,13,-9.625,-8.3125,-8.875,0.75,0.5714285714285714,hf_last_token_formal_to_natural,qwen3_4b,Qwen3-4B,formal
14,11241,getting_late,marginal,1,no,residual,14,-9.625,-8.3125,-8.125,1.5,1.1428571428571428,hf_last_token_formal_to_natural,qwen3_4b,Qwen3-4B,formal
14,11241,getting_late,marginal,1,no,residual,15,-9.625,-8.3125,-8.125,1.5,1.1428571428571428,hf_last_token_formal_to_natural,qwen3_4b,Qwen3-4B,formal
14,11241,getting_late,marginal,1,no,residual,16,-9.625,-8.3125,-7.875,1.75,1.3333333333333333,hf_last_token_formal_to_natural,qwen3_4b,Qwen3-4B,formal
14,11241,getting_late,marginal,1,no,residual,17,-9.625,-8.3125,-7.5,2.125,1.619047619047619,hf_last_token_formal_to_natural,qwen3_4b,Qwen3-4B,formal
14,11241,getting_late,marginal,1,no,residual,18,-9.625,-8.3125,-7.46875,2.15625,1.6428571428571428,hf_last_token_formal_to_natural,qwen3_4b,Qwen3-4B,formal
14,11241,getting_late,marginal,1,no,residual,19,-9.625,-8.3125,-7.28125,2.34375,1.7857142857142858,hf_last_token_formal_to_natural,qwen3_4b,Qwen3-4B,formal
14,11241,getting_late,marginal,1,no,residual,20,-9.625,-8.3125,-7.25,2.375,1.809523809523809,hf_last_token_formal_to_natural,qwen3_4b,Qwen3-4B,formal
14,11241,getting_late,marginal,1,no,residual,21,-9.625,-8.3125,-7.09375,2.53125,1.9285714285714288,hf_last_token_formal_to_natural,qwen3_4b,Qwen3-4B,formal
14,11241,getting_late,marginal,1,no,residual,22,-9.625,-8.3125,-5.96875,3.65625,2.7857142857142856,hf_last_token_formal_to_natural,qwen3_4b,Qwen3-4B,formal
14,11241,getting_late,marginal,1,no,residual,23,-9.625,-8.3125,-5.90625,3.71875,2.833333333333333,hf_last_token_formal_to_natural,qwen3_4b,Qwen3-4B,formal
14,11241,getting_late,marginal,1,no,residual,24,-9.625,-8.3125,-7.15625,2.46875,1.880952380952381,hf_last_token_formal_to_natural,qwen3_4b,Qwen3-4B,formal
14,11241,getting_late,marginal,1,no,residual,25,-9.625,-8.3125,-7.21875,2.40625,1.8333333333333333,hf_last_token_formal_to_natural,qwen3_4b,Qwen3-4B,formal
14,11241,getting_late,marginal,1,no,residual,26,-9.625,-8.3125,-7.125,2.5,1.9047619047619049,hf_last_token_formal_to_natural,qwen3_4b,Qwen3-4B,formal
14,11241,getting_late,marginal,1,no,residual,27,-9.625,-8.3125,-7.46875,2.15625,1.6428571428571428,hf_last_token_formal_to_natural,qwen3_4b,Qwen3-4B,formal
14,11241,getting_late,marginal,1,no,residual,28,-9.625,-8.3125,-7.625,2.0,1.5238095238095235,hf_last_token_formal_to_natural,qwen3_4b,Qwen3-4B,formal
14,11241,getting_late,marginal,1,no,residual,29,-9.625,-8.3125,-8.25,1.375,1.0476190476190477,hf_last_token_formal_to_natural,qwen3_4b,Qwen3-4B,formal
14,11241,getting_late,marginal,1,no,residual,30,-9.625,-8.3125,-8.5,1.125,0.8571428571428571,hf_last_token_formal_to_natural,qwen3_4b,Qwen3-4B,formal
14,11241,getting_late,marginal,1,no,residual,31,-9.625,-8.3125,-9.0,0.625,0.4761904761904761,hf_last_token_formal_to_natural,qwen3_4b,Qwen3-4B,formal
14,11241,getting_late,marginal,1,no,residual,32,-9.625,-8.3125,-9.0625,0.5625,0.4285714285714285,hf_last_token_formal_to_natural,qwen3_4b,Qwen3-4B,formal
14,11241,getting_late,marginal,1,no,residual,33,-9.625,-8.3125,-8.25,1.375,1.0476190476190477,hf_last_token_formal_to_natural,qwen3_4b,Qwen3-4B,formal
14,11241,getting_late,marginal,1,no,residual,34,-9.625,-8.3125,-8.1875,1.4375,1.0952380952380951,hf_last_token_formal_to_natural,qwen3_4b,Qwen3-4B,formal
14,11241,getting_late,marginal,1,no,residual,35,-9.625,-8.3125,-8.3125,1.3125,1.0,hf_last_token_formal_to_natural,qwen3_4b,Qwen3-4B,formal
15,25467,nonsense0,marginal,1,yes,residual,0,9.0,8.5625,8.75,-0.25,0.5714285714285714,hf_last_token_formal_to_natural,qwen3_4b,Qwen3-4B,formal
15,25467,nonsense0,marginal,1,yes,residual,1,9.0,8.5625,9.0,0.0,-0.0,hf_last_token_formal_to_natural,qwen3_4b,Qwen3-4B,formal
15,25467,nonsense0,marginal,1,yes,residual,2,9.0,8.5625,8.75,-0.25,0.5714285714285714,hf_last_token_formal_to_natural,qwen3_4b,Qwen3-4B,formal
15,25467,nonsense0,marginal,1,yes,residual,3,9.0,8.5625,9.125,0.125,-0.2857142857142857,hf_last_token_formal_to_natural,qwen3_4b,Qwen3-4B,formal
15,25467,nonsense0,marginal,1,yes,residual,4,9.0,8.5625,9.125,0.125,-0.2857142857142857,hf_last_token_formal_to_natural,qwen3_4b,Qwen3-4B,formal
15,25467,nonsense0,marginal,1,yes,residual,5,9.0,8.5625,9.125,0.125,-0.2857142857142857,hf_last_token_formal_to_natural,qwen3_4b,Qwen3-4B,formal
15,25467,nonsense0,marginal,1,yes,residual,6,9.0,8.5625,8.875,-0.125,0.2857142857142857,hf_last_token_formal_to_natural,qwen3_4b,Qwen3-4B,formal
15,25467,nonsense0,marginal,1,yes,residual,7,9.0,8.5625,8.5625,-0.4375,1.0,hf_last_token_formal_to_natural,qwen3_4b,Qwen3-4B,formal
15,25467,nonsense0,marginal,1,yes,residual,8,9.0,8.5625,8.625,-0.375,0.8571428571428571,hf_last_token_formal_to_natural,qwen3_4b,Qwen3-4B,formal
15,25467,nonsense0,marginal,1,yes,residual,9,9.0,8.5625,8.25,-0.75,1.7142857142857142,hf_last_token_formal_to_natural,qwen3_4b,Qwen3-4B,formal
15,25467,nonsense0,marginal,1,yes,residual,10,9.0,8.5625,8.4375,-0.5625,1.2857142857142858,hf_last_token_formal_to_natural,qwen3_4b,Qwen3-4B,formal
15,25467,nonsense0,marginal,1,yes,residual,11,9.0,8.5625,7.9375,-1.0625,2.4285714285714284,hf_last_token_formal_to_natural,qwen3_4b,Qwen3-4B,formal
15,25467,nonsense0,marginal,1,yes,residual,12,9.0,8.5625,8.25,-0.75,1.7142857142857142,hf_last_token_formal_to_natural,qwen3_4b,Qwen3-4B,formal
15,25467,nonsense0,marginal,1,yes,residual,13,9.0,8.5625,8.4375,-0.5625,1.2857142857142858,hf_last_token_formal_to_natural,qwen3_4b,Qwen3-4B,formal
15,25467,nonsense0,marginal,1,yes,residual,14,9.0,8.5625,8.0625,-0.9375,2.142857142857143,hf_last_token_formal_to_natural,qwen3_4b,Qwen3-4B,formal
15,25467,nonsense0,marginal,1,yes,residual,15,9.0,8.5625,8.0625,-0.9375,2.142857142857143,hf_last_token_formal_to_natural,qwen3_4b,Qwen3-4B,formal
15,25467,nonsense0,marginal,1,yes,residual,16,9.0,8.5625,7.8125,-1.1875,2.7142857142857144,hf_last_token_formal_to_natural,qwen3_4b,Qwen3-4B,formal
15,25467,nonsense0,marginal,1,yes,residual,17,9.0,8.5625,7.8125,-1.1875,2.7142857142857144,hf_last_token_formal_to_natural,qwen3_4b,Qwen3-4B,formal
15,25467,nonsense0,marginal,1,yes,residual,18,9.0,8.5625,8.25,-0.75,1.7142857142857142,hf_last_token_formal_to_natural,qwen3_4b,Qwen3-4B,formal
15,25467,nonsense0,marginal,1,yes,residual,19,9.0,8.5625,7.5,-1.5,3.4285714285714284,hf_last_token_formal_to_natural,qwen3_4b,Qwen3-4B,formal
15,25467,nonsense0,marginal,1,yes,residual,20,9.0,8.5625,7.8125,-1.1875,2.7142857142857144,hf_last_token_formal_to_natural,qwen3_4b,Qwen3-4B,formal
15,25467,nonsense0,marginal,1,yes,residual,21,9.0,8.5625,7.375,-1.625,3.7142857142857135,hf_last_token_formal_to_natural,qwen3_4b,Qwen3-4B,formal
15,25467,nonsense0,marginal,1,yes,residual,22,9.0,8.5625,7.875,-1.125,2.571428571428572,hf_last_token_formal_to_natural,qwen3_4b,Qwen3-4B,formal
15,25467,nonsense0,marginal,1,yes,residual,23,9.0,8.5625,7.9375,-1.0625,2.4285714285714284,hf_last_token_formal_to_natural,qwen3_4b,Qwen3-4B,formal
15,25467,nonsense0,marginal,1,yes,residual,24,9.0,8.5625,7.96875,-1.03125,2.357142857142857,hf_last_token_formal_to_natural,qwen3_4b,Qwen3-4B,formal
15,25467,nonsense0,marginal,1,yes,residual,25,9.0,8.5625,7.75,-1.25,2.857142857142857,hf_last_token_formal_to_natural,qwen3_4b,Qwen3-4B,formal
15,25467,nonsense0,marginal,1,yes,residual,26,9.0,8.5625,7.3125,-1.6875,3.857142857142857,hf_last_token_formal_to_natural,qwen3_4b,Qwen3-4B,formal
15,25467,nonsense0,marginal,1,yes,residual,27,9.0,8.5625,7.59375,-1.40625,3.2142857142857144,hf_last_token_formal_to_natural,qwen3_4b,Qwen3-4B,formal
15,25467,nonsense0,marginal,1,yes,residual,28,9.0,8.5625,8.0,-1.0,2.2857142857142856,hf_last_token_formal_to_natural,qwen3_4b,Qwen3-4B,formal
15,25467,nonsense0,marginal,1,yes,residual,29,9.0,8.5625,8.5,-0.5,1.1428571428571428,hf_last_token_formal_to_natural,qwen3_4b,Qwen3-4B,formal
15,25467,nonsense0,marginal,1,yes,residual,30,9.0,8.5625,8.75,-0.25,0.5714285714285714,hf_last_token_formal_to_natural,qwen3_4b,Qwen3-4B,formal
15,25467,nonsense0,marginal,1,yes,residual,31,9.0,8.5625,8.875,-0.125,0.2857142857142857,hf_last_token_formal_to_natural,qwen3_4b,Qwen3-4B,formal
15,25467,nonsense0,marginal,1,yes,residual,32,9.0,8.5625,8.9375,-0.0625,0.1428571428571428,hf_last_token_formal_to_natural,qwen3_4b,Qwen3-4B,formal
15,25467,nonsense0,marginal,1,yes,residual,33,9.0,8.5625,8.5625,-0.4375,1.0,hf_last_token_formal_to_natural,qwen3_4b,Qwen3-4B,formal
15,25467,nonsense0,marginal,1,yes,residual,34,9.0,8.5625,8.4375,-0.5625,1.2857142857142858,hf_last_token_formal_to_natural,qwen3_4b,Qwen3-4B,formal
15,25467,nonsense0,marginal,1,yes,residual,35,9.0,8.5625,8.5625,-0.4375,1.0,hf_last_token_formal_to_natural,qwen3_4b,Qwen3-4B,formal
16,25505,nonsense0,marginal,1,yes,residual,0,7.8125,9.125,7.6875,-0.125,-0.0952380952380952,hf_last_token_formal_to_natural,qwen3_4b,Qwen3-4B,formal
16,25505,nonsense0,marginal,1,yes,residual,1,7.8125,9.125,7.6875,-0.125,-0.0952380952380952,hf_last_token_formal_to_natural,qwen3_4b,Qwen3-4B,formal
16,25505,nonsense0,marginal,1,yes,residual,2,7.8125,9.125,7.78125,-0.03125,-0.0238095238095238,hf_last_token_formal_to_natural,qwen3_4b,Qwen3-4B,formal
16,25505,nonsense0,marginal,1,yes,residual,3,7.8125,9.125,8.125,0.3125,0.238095238095238,hf_last_token_formal_to_natural,qwen3_4b,Qwen3-4B,formal
16,25505,nonsense0,marginal,1,yes,residual,4,7.8125,9.125,8.0,0.1875,0.1428571428571428,hf_last_token_formal_to_natural,qwen3_4b,Qwen3-4B,formal
16,25505,nonsense0,marginal,1,yes,residual,5,7.8125,9.125,8.25,0.4375,0.3333333333333333,hf_last_token_formal_to_natural,qwen3_4b,Qwen3-4B,formal
16,25505,nonsense0,marginal,1,yes,residual,6,7.8125,9.125,8.0,0.1875,0.1428571428571428,hf_last_token_formal_to_natural,qwen3_4b,Qwen3-4B,formal
16,25505,nonsense0,marginal,1,yes,residual,7,7.8125,9.125,7.875,0.0625,0.0476190476190476,hf_last_token_formal_to_natural,qwen3_4b,Qwen3-4B,formal
16,25505,nonsense0,marginal,1,yes,residual,8,7.8125,9.125,8.0,0.1875,0.1428571428571428,hf_last_token_formal_to_natural,qwen3_4b,Qwen3-4B,formal
16,25505,nonsense0,marginal,1,yes,residual,9,7.8125,9.125,8.375,0.5625,0.4285714285714285,hf_last_token_formal_to_natural,qwen3_4b,Qwen3-4B,formal
16,25505,nonsense0,marginal,1,yes,residual,10,7.8125,9.125,8.125,0.3125,0.238095238095238,hf_last_token_formal_to_natural,qwen3_4b,Qwen3-4B,formal
16,25505,nonsense0,marginal,1,yes,residual,11,7.8125,9.125,7.875,0.0625,0.0476190476190476,hf_last_token_formal_to_natural,qwen3_4b,Qwen3-4B,formal
16,25505,nonsense0,marginal,1,yes,residual,12,7.8125,9.125,7.9375,0.125,0.0952380952380952,hf_last_token_formal_to_natural,qwen3_4b,Qwen3-4B,formal
16,25505,nonsense0,marginal,1,yes,residual,13,7.8125,9.125,8.25,0.4375,0.3333333333333333,hf_last_token_formal_to_natural,qwen3_4b,Qwen3-4B,formal
16,25505,nonsense0,marginal,1,yes,residual,14,7.8125,9.125,8.0,0.1875,0.1428571428571428,hf_last_token_formal_to_natural,qwen3_4b,Qwen3-4B,formal
16,25505,nonsense0,marginal,1,yes,residual,15,7.8125,9.125,8.0,0.1875,0.1428571428571428,hf_last_token_formal_to_natural,qwen3_4b,Qwen3-4B,formal
16,25505,nonsense0,marginal,1,yes,residual,16,7.8125,9.125,7.59375,-0.21875,-0.1666666666666666,hf_last_token_formal_to_natural,qwen3_4b,Qwen3-4B,formal
16,25505,nonsense0,marginal,1,yes,residual,17,7.8125,9.125,7.75,-0.0625,-0.0476190476190476,hf_last_token_formal_to_natural,qwen3_4b,Qwen3-4B,formal
16,25505,nonsense0,marginal,1,yes,residual,18,7.8125,9.125,8.125,0.3125,0.238095238095238,hf_last_token_formal_to_natural,qwen3_4b,Qwen3-4B,formal
16,25505,nonsense0,marginal,1,yes,residual,19,7.8125,9.125,8.0,0.1875,0.1428571428571428,hf_last_token_formal_to_natural,qwen3_4b,Qwen3-4B,formal
16,25505,nonsense0,marginal,1,yes,residual,20,7.8125,9.125,8.25,0.4375,0.3333333333333333,hf_last_token_formal_to_natural,qwen3_4b,Qwen3-4B,formal
16,25505,nonsense0,marginal,1,yes,residual,21,7.8125,9.125,7.75,-0.0625,-0.0476190476190476,hf_last_token_formal_to_natural,qwen3_4b,Qwen3-4B,formal
16,25505,nonsense0,marginal,1,yes,residual,22,7.8125,9.125,8.0625,0.25,0.1904761904761904,hf_last_token_formal_to_natural,qwen3_4b,Qwen3-4B,formal
16,25505,nonsense0,marginal,1,yes,residual,23,7.8125,9.125,7.6875,-0.125,-0.0952380952380952,hf_last_token_formal_to_natural,qwen3_4b,Qwen3-4B,formal
16,25505,nonsense0,marginal,1,yes,residual,24,7.8125,9.125,7.96875,0.15625,0.119047619047619,hf_last_token_formal_to_natural,qwen3_4b,Qwen3-4B,formal
16,25505,nonsense0,marginal,1,yes,residual,25,7.8125,9.125,7.8125,0.0,0.0,hf_last_token_formal_to_natural,qwen3_4b,Qwen3-4B,formal
16,25505,nonsense0,marginal,1,yes,residual,26,7.8125,9.125,7.40625,-0.40625,-0.3095238095238095,hf_last_token_formal_to_natural,qwen3_4b,Qwen3-4B,formal
16,25505,nonsense0,marginal,1,yes,residual,27,7.8125,9.125,8.25,0.4375,0.3333333333333333,hf_last_token_formal_to_natural,qwen3_4b,Qwen3-4B,formal
16,25505,nonsense0,marginal,1,yes,residual,28,7.8125,9.125,8.375,0.5625,0.4285714285714285,hf_last_token_formal_to_natural,qwen3_4b,Qwen3-4B,formal
16,25505,nonsense0,marginal,1,yes,residual,29,7.8125,9.125,8.9375,1.125,0.8571428571428571,hf_last_token_formal_to_natural,qwen3_4b,Qwen3-4B,formal
16,25505,nonsense0,marginal,1,yes,residual,30,7.8125,9.125,9.25,1.4375,1.0952380952380951,hf_last_token_formal_to_natural,qwen3_4b,Qwen3-4B,formal
16,25505,nonsense0,marginal,1,yes,residual,31,7.8125,9.125,9.5,1.6875,1.2857142857142858,hf_last_token_formal_to_natural,qwen3_4b,Qwen3-4B,formal
16,25505,nonsense0,marginal,1,yes,residual,32,7.8125,9.125,9.625,1.8125,1.380952380952381,hf_last_token_formal_to_natural,qwen3_4b,Qwen3-4B,formal
16,25505,nonsense0,marginal,1,yes,residual,33,7.8125,9.125,9.125,1.3125,1.0,hf_last_token_formal_to_natural,qwen3_4b,Qwen3-4B,formal
16,25505,nonsense0,marginal,1,yes,residual,34,7.8125,9.125,9.0,1.1875,0.9047619047619048,hf_last_token_formal_to_natural,qwen3_4b,Qwen3-4B,formal
16,25505,nonsense0,marginal,1,yes,residual,35,7.8125,9.125,9.125,1.3125,1.0,hf_last_token_formal_to_natural,qwen3_4b,Qwen3-4B,formal
