model,model_display_name,diagnostic_source,dataset_variant,prompt_mode,story_id,query_type,formal_form,left_sample_id,right_sample_id,has_invalid,strict_contrast_consistent,correct_flip,wrong_flip,invariant_yes,invariant_no,left_gold_label,right_gold_label,left_parsed_label,right_parsed_label
qwen3_0_6b,Qwen3-0.6B,main,main,nl_var_graph,alarm,correlation,P(Y | X),15239,10457,False,0,0,0,1,0,no,yes,yes,yes
qwen3_0_6b,Qwen3-0.6B,main,main,nl_var_graph,alarm,correlation,P(Y | X),15239,15293,False,0,0,0,1,0,no,yes,yes,yes
qwen3_0_6b,Qwen3-0.6B,main,main,nl_var_graph,alarm,correlation,P(Y | X),15313,10457,False,0,0,0,1,0,no,yes,yes,yes
qwen3_0_6b,Qwen3-0.6B,main,main,nl_var_graph,alarm,correlation,P(Y | X),15313,15293,False,0,0,0,1,0,no,yes,yes,yes
qwen3_0_6b,Qwen3-0.6B,main,main,nl_var_graph,alarm,nde,"E[Y_{X=1, V2=0} - Y_{X=0, V2=0}]",119,88,False,0,0,0,1,0,no,yes,yes,yes
qwen3_0_6b,Qwen3-0.6B,main,main,nl_var_graph,alarm,nde,"E[Y_{X=1, V2=0} - Y_{X=0, V2=0}]",119,4835,False,0,0,0,1,0,no,yes,yes,yes
qwen3_0_6b,Qwen3-0.6B,main,main,nl_var_graph,alarm,nde,"E[Y_{X=1, V2=0} - Y_{X=0, V2=0}]",10462,88,False,0,0,0,1,0,no,yes,yes,yes
qwen3_0_6b,Qwen3-0.6B,main,main,nl_var_graph,alarm,nde,"E[Y_{X=1, V2=0} - Y_{X=0, V2=0}]",10462,4835,False,0,0,0,1,0,no,yes,yes,yes
qwen3_0_6b,Qwen3-0.6B,main,main,nl_var_graph,alarm,nde,"E[Y_{X=1, V2=0} - Y_{X=0, V2=0}]",15204,88,False,0,0,0,1,0,no,yes,yes,yes
qwen3_0_6b,Qwen3-0.6B,main,main,nl_var_graph,alarm,nde,"E[Y_{X=1, V2=0} - Y_{X=0, V2=0}]",15204,4835,False,0,0,0,1,0,no,yes,yes,yes
qwen3_0_6b,Qwen3-0.6B,main,main,nl_var_graph,alarm,nde,"E[Y_{X=1, V2=0} - Y_{X=0, V2=0}]",15258,88,False,0,0,0,1,0,no,yes,yes,yes
qwen3_0_6b,Qwen3-0.6B,main,main,nl_var_graph,alarm,nde,"E[Y_{X=1, V2=0} - Y_{X=0, V2=0}]",15258,4835,False,0,0,0,1,0,no,yes,yes,yes
qwen3_0_6b,Qwen3-0.6B,main,main,nl_var_graph,alarm,nie,"E[Y_{X=0, V2=1} - Y_{X=0, V2=0}]",10465,10414,False,0,0,0,1,0,no,yes,yes,yes
qwen3_0_6b,Qwen3-0.6B,main,main,nl_var_graph,blood_pressure,backadj,[backdoor adjustment set for Y given X],11741,1326,False,0,0,0,1,0,no,yes,yes,yes
qwen3_0_6b,Qwen3-0.6B,main,main,nl_var_graph,blood_pressure,correlation,P(Y | X),1421,6121,False,0,0,0,1,0,no,yes,yes,yes
qwen3_0_6b,Qwen3-0.6B,main,main,nl_var_graph,blood_pressure,correlation,P(Y | X),1421,6206,False,0,0,0,1,0,no,yes,yes,yes
qwen3_0_6b,Qwen3-0.6B,main,main,nl_var_graph,blood_pressure,marginal,P(Y),11759,6192,False,0,0,0,1,0,no,yes,yes,yes
qwen3_0_6b,Qwen3-0.6B,main,main,nl_var_graph,blood_pressure,nde,"E[Y_{X=1, V2=0} - Y_{X=0, V2=0}]",1460,11745,False,0,0,0,1,0,no,yes,yes,yes
qwen3_0_6b,Qwen3-0.6B,main,main,nl_var_graph,blood_pressure,nde,"E[Y_{X=1, V2=0} - Y_{X=0, V2=0}]",16591,11745,False,0,0,0,1,0,no,yes,yes,yes
qwen3_0_6b,Qwen3-0.6B,main,main,nl_var_graph,candle,ate,E[Y | do(X = 1)] - E[Y | do(X = 0)],166,4986,False,0,0,0,1,0,no,yes,yes,yes
qwen3_0_6b,Qwen3-0.6B,main,main,nl_var_graph,candle,ett,E[Y_{X = 1} - Y_{X = 0} | X = 1],5074,10599,False,0,0,0,1,0,no,yes,yes,yes
qwen3_0_6b,Qwen3-0.6B,main,main,nl_var_graph,celebrity,backadj,[backdoor adjustment set for Y given X],16696,16732,False,0,0,0,1,0,no,yes,yes,yes
qwen3_0_6b,Qwen3-0.6B,main,main,nl_var_graph,cholesterol,ate,E[Y | do(X = 1)] - E[Y | do(X = 0)],1668,12055,False,0,0,0,1,0,no,yes,yes,yes
qwen3_0_6b,Qwen3-0.6B,main,main,nl_var_graph,cholesterol,ate,E[Y | do(X = 1)] - E[Y | do(X = 0)],16780,12055,False,0,0,0,1,0,no,yes,yes,yes
qwen3_0_6b,Qwen3-0.6B,main,main,nl_var_graph,cholesterol,correlation,P(Y | X),12053,6428,False,0,0,0,1,0,no,yes,yes,yes
qwen3_0_6b,Qwen3-0.6B,main,main,nl_var_graph,cholesterol,correlation,P(Y | X),12053,16751,False,0,0,0,1,0,no,yes,yes,yes
qwen3_0_6b,Qwen3-0.6B,main,main,nl_var_graph,cholesterol,correlation,P(Y | X),16750,6428,False,0,0,0,1,0,no,yes,yes,yes
qwen3_0_6b,Qwen3-0.6B,main,main,nl_var_graph,cholesterol,correlation,P(Y | X),16750,16751,False,0,0,0,1,0,no,yes,yes,yes
qwen3_0_6b,Qwen3-0.6B,main,main,nl_var_graph,cholesterol,marginal,P(Y),11987,11990,False,0,0,0,1,0,no,yes,yes,yes
qwen3_0_6b,Qwen3-0.6B,main,main,nl_var_graph,college_salary,ate,E[Y | do(X = 1)] - E[Y | do(X = 0)],1676,1693,False,0,0,0,1,0,no,yes,yes,yes
qwen3_0_6b,Qwen3-0.6B,main,main,nl_var_graph,college_salary,marginal,P(Y),1685,12104,False,0,0,0,1,0,no,yes,yes,yes
qwen3_0_6b,Qwen3-0.6B,main,main,nl_var_graph,college_salary,marginal,P(Y),6478,12104,False,0,0,0,1,0,no,yes,yes,yes
qwen3_0_6b,Qwen3-0.6B,main,main,nl_var_graph,college_salary,marginal,P(Y),6488,12104,False,0,0,0,1,0,no,yes,yes,yes
qwen3_0_6b,Qwen3-0.6B,main,main,nl_var_graph,college_salary,marginal,P(Y),6538,12104,False,0,0,0,1,0,no,yes,yes,yes
qwen3_0_6b,Qwen3-0.6B,main,main,nl_var_graph,college_salary,marginal,P(Y),12077,12104,False,0,0,0,1,0,no,yes,yes,yes
qwen3_0_6b,Qwen3-0.6B,main,main,nl_var_graph,college_wage,ate,E[Y | do(X = 1)] - E[Y | do(X = 0)],6638,17002,False,0,0,0,1,0,no,yes,yes,yes
qwen3_0_6b,Qwen3-0.6B,main,main,nl_var_graph,college_wage,ate,E[Y | do(X = 1)] - E[Y | do(X = 0)],17023,17002,False,0,0,0,1,0,no,yes,yes,yes
qwen3_0_6b,Qwen3-0.6B,main,main,nl_var_graph,college_wage,backadj,[backdoor adjustment set for Y given X],6591,12208,False,0,0,0,1,0,no,yes,yes,yes
qwen3_0_6b,Qwen3-0.6B,main,main,nl_var_graph,college_wage,backadj,[backdoor adjustment set for Y given X],6624,12208,False,0,0,0,1,0,no,yes,yes,yes
qwen3_0_6b,Qwen3-0.6B,main,main,nl_var_graph,college_wage,backadj,[backdoor adjustment set for Y given X],12218,12208,False,0,0,0,1,0,no,yes,yes,yes
qwen3_0_6b,Qwen3-0.6B,main,main,nl_var_graph,college_wage,backadj,[backdoor adjustment set for Y given X],12260,12208,False,0,0,0,1,0,no,yes,yes,yes
qwen3_0_6b,Qwen3-0.6B,main,main,nl_var_graph,college_wage,correlation,P(Y | X),12264,12258,False,0,0,0,1,0,no,yes,yes,yes
qwen3_0_6b,Qwen3-0.6B,main,main,nl_var_graph,college_wage,correlation,P(Y | X),16988,12258,False,0,0,0,1,0,no,yes,yes,yes
qwen3_0_6b,Qwen3-0.6B,main,main,nl_var_graph,college_wage,marginal,P(Y),1849,17041,False,0,0,0,1,0,no,yes,yes,yes
qwen3_0_6b,Qwen3-0.6B,main,main,nl_var_graph,college_wage,marginal,P(Y),6615,17041,False,0,0,0,1,0,no,yes,yes,yes
qwen3_0_6b,Qwen3-0.6B,main,main,nl_var_graph,encouagement_program,correlation,P(Y | X),2068,12481,False,0,0,0,1,0,no,yes,yes,yes
qwen3_0_6b,Qwen3-0.6B,main,main,nl_var_graph,encouagement_program,nde,"E[Y_{X=1, V2=0} - Y_{X=0, V2=0}]",1989,12452,False,0,0,0,1,0,no,yes,yes,yes
qwen3_0_6b,Qwen3-0.6B,main,main,nl_var_graph,firing_employee,ate,E[Y | do(X = 1)] - E[Y | do(X = 0)],5128,5144,False,0,0,0,1,0,no,yes,yes,yes
qwen3_0_6b,Qwen3-0.6B,main,main,nl_var_graph,firing_employee,ate,E[Y | do(X = 1)] - E[Y | do(X = 0)],5128,10731,False,0,0,0,1,0,no,yes,yes,yes
qwen3_0_6b,Qwen3-0.6B,main,main,nl_var_graph,firing_employee,backadj,[backdoor adjustment set for Y given X],5108,10750,False,0,0,0,1,0,no,yes,yes,yes
qwen3_0_6b,Qwen3-0.6B,main,main,nl_var_graph,firing_employee,backadj,[backdoor adjustment set for Y given X],15538,10750,False,0,0,0,1,0,no,yes,yes,yes
qwen3_0_6b,Qwen3-0.6B,main,main,nl_var_graph,firing_employee,correlation,P(Y | X),15559,371,False,0,0,0,1,0,no,yes,yes,yes
qwen3_0_6b,Qwen3-0.6B,main,main,nl_var_graph,firing_employee,correlation,P(Y | X),15559,5100,False,0,0,0,1,0,no,yes,yes,yes
qwen3_0_6b,Qwen3-0.6B,main,main,nl_var_graph,firing_squad,ate,E[Y | do(X = 1)] - E[Y | do(X = 0)],5314,10782,False,0,0,0,1,0,no,yes,yes,yes
qwen3_0_6b,Qwen3-0.6B,main,main,nl_var_graph,firing_squad,ate,E[Y | do(X = 1)] - E[Y | do(X = 0)],5314,15587,False,0,0,0,1,0,no,yes,yes,yes
qwen3_0_6b,Qwen3-0.6B,main,main,nl_var_graph,firing_squad,ate,E[Y | do(X = 1)] - E[Y | do(X = 0)],5314,15623,False,0,0,0,1,0,no,yes,yes,yes
qwen3_0_6b,Qwen3-0.6B,main,main,nl_var_graph,firing_squad,correlation,P(Y | X),5230,10872,False,0,0,0,1,0,no,yes,yes,yes
qwen3_0_6b,Qwen3-0.6B,main,main,nl_var_graph,firing_squad,correlation,P(Y | X),15607,10872,False,0,0,0,1,0,no,yes,yes,yes
qwen3_0_6b,Qwen3-0.6B,main,main,nl_var_graph,firing_squad,marginal,P(Y),10861,15599,False,0,0,0,1,0,no,yes,yes,yes
qwen3_0_6b,Qwen3-0.6B,main,main,nl_var_graph,firing_squad,nie,"E[Y_{X=0, V2=1, V3=1} - Y_{X=0, V2=0, V3=0}]",15625,10833,False,0,0,0,1,0,no,yes,yes,yes
qwen3_0_6b,Qwen3-0.6B,main,main,nl_var_graph,floor_wet,ett,E[Y_{X = 1} - Y_{X = 0} | X = 1],5400,11007,False,0,0,0,1,0,no,yes,yes,yes
qwen3_0_6b,Qwen3-0.6B,main,main,nl_var_graph,floor_wet,ett,E[Y_{X = 1} - Y_{X = 0} | X = 1],15718,11007,False,0,0,0,1,0,no,yes,yes,yes
qwen3_0_6b,Qwen3-0.6B,main,main,nl_var_graph,floor_wet,marginal,P(Y),571,628,False,0,0,0,1,0,no,yes,yes,yes
qwen3_0_6b,Qwen3-0.6B,main,main,nl_var_graph,floor_wet,marginal,P(Y),15740,628,False,0,0,0,1,0,no,yes,yes,yes
qwen3_0_6b,Qwen3-0.6B,main,main,nl_var_graph,floor_wet,nie,"E[Y_{X=0, V2=1, V3=1} - Y_{X=0, V2=0, V3=0}]",11008,15817,False,0,0,0,1,0,no,yes,yes,yes
qwen3_0_6b,Qwen3-0.6B,main,main,nl_var_graph,floor_wet,nie,"E[Y_{X=0, V2=1, V3=1} - Y_{X=0, V2=0, V3=0}]",15776,15817,False,0,0,0,1,0,no,yes,yes,yes
qwen3_0_6b,Qwen3-0.6B,main,main,nl_var_graph,gender_admission,correlation,P(Y | X),7040,17471,False,0,0,0,1,0,no,yes,yes,yes
qwen3_0_6b,Qwen3-0.6B,main,main,nl_var_graph,gender_admission,correlation,P(Y | X),7067,17471,False,0,0,0,1,0,no,yes,yes,yes
qwen3_0_6b,Qwen3-0.6B,main,main,nl_var_graph,gender_admission,nde,"E[Y_{X=1, V2=0} - Y_{X=0, V2=0}]",6980,12687,False,0,0,0,1,0,no,yes,yes,yes
qwen3_0_6b,Qwen3-0.6B,main,main,nl_var_graph,gender_admission,nde,"E[Y_{X=1, V2=0} - Y_{X=0, V2=0}]",6980,17363,False,0,0,0,1,0,no,yes,yes,yes
qwen3_0_6b,Qwen3-0.6B,main,main,nl_var_graph,gender_admission_state,correlation,P(Y | X),2434,7169,False,0,0,0,1,0,no,yes,yes,yes
qwen3_0_6b,Qwen3-0.6B,main,main,nl_var_graph,gender_admission_state,correlation,P(Y | X),17611,7169,False,0,0,0,1,0,no,yes,yes,yes
qwen3_0_6b,Qwen3-0.6B,main,main,nl_var_graph,gender_admission_state,marginal,P(Y),12755,17628,False,0,0,0,1,0,no,yes,yes,yes
qwen3_0_6b,Qwen3-0.6B,main,main,nl_var_graph,gender_admission_state,nde,"E[Y_{X=1, V3=0} - Y_{X=0, V3=0}]",2414,17521,False,0,0,0,1,0,no,yes,yes,yes
qwen3_0_6b,Qwen3-0.6B,main,main,nl_var_graph,gender_admission_state,nde,"E[Y_{X=1, V3=0} - Y_{X=0, V3=0}]",2437,17521,False,0,0,0,1,0,no,yes,yes,yes
qwen3_0_6b,Qwen3-0.6B,main,main,nl_var_graph,gender_admission_state,nde,"E[Y_{X=1, V3=0} - Y_{X=0, V3=0}]",17505,17521,False,0,0,0,1,0,no,yes,yes,yes
qwen3_0_6b,Qwen3-0.6B,main,main,nl_var_graph,gender_admission_state,nie,"E[Y_{X=0, V3=1} - Y_{X=0, V3=0}]",12771,12798,False,0,0,0,1,0,no,yes,yes,yes
qwen3_0_6b,Qwen3-0.6B,main,main,nl_var_graph,gender_pay,nde,"E[Y_{X=1, V3=0} - Y_{X=0, V3=0}]",12946,7386,False,0,0,0,1,0,no,yes,yes,yes
qwen3_0_6b,Qwen3-0.6B,main,main,nl_var_graph,gender_pay,nde,"E[Y_{X=1, V3=0} - Y_{X=0, V3=0}]",12946,12857,False,0,0,0,1,0,no,yes,yes,yes
qwen3_0_6b,Qwen3-0.6B,main,main,nl_var_graph,gender_pay,nde,"E[Y_{X=1, V3=0} - Y_{X=0, V3=0}]",12946,17656,False,0,0,0,1,0,no,yes,yes,yes
qwen3_0_6b,Qwen3-0.6B,main,main,nl_var_graph,hospitalization,backadj,[backdoor adjustment set for Y given X],2664,2668,False,0,0,0,1,0,no,yes,yes,yes
qwen3_0_6b,Qwen3-0.6B,main,main,nl_var_graph,hospitalization,backadj,[backdoor adjustment set for Y given X],2664,2693,False,0,0,0,1,0,no,yes,yes,yes
qwen3_0_6b,Qwen3-0.6B,main,main,nl_var_graph,hospitalization,backadj,[backdoor adjustment set for Y given X],7496,2668,False,0,0,0,1,0,no,yes,yes,yes
qwen3_0_6b,Qwen3-0.6B,main,main,nl_var_graph,hospitalization,backadj,[backdoor adjustment set for Y given X],7496,2693,False,0,0,0,1,0,no,yes,yes,yes
qwen3_0_6b,Qwen3-0.6B,main,main,nl_var_graph,man_in_relationship,backadj,[backdoor adjustment set for Y given X],13169,7551,False,0,0,0,1,0,no,yes,yes,yes
qwen3_0_6b,Qwen3-0.6B,main,main,nl_var_graph,nature_vs_nurture,nde,"E[Y_{X=1, V3=0} - Y_{X=0, V3=0}]",2887,7610,False,0,0,0,1,0,no,yes,yes,yes
qwen3_0_6b,Qwen3-0.6B,main,main,nl_var_graph,nature_vs_nurture,nde,"E[Y_{X=1, V3=0} - Y_{X=0, V3=0}]",7730,7610,False,0,0,0,1,0,no,yes,yes,yes
qwen3_0_6b,Qwen3-0.6B,main,main,nl_var_graph,nature_vs_nurture,nde,"E[Y_{X=1, V3=0} - Y_{X=0, V3=0}]",13225,7610,False,0,0,0,1,0,no,yes,yes,yes
qwen3_0_6b,Qwen3-0.6B,main,main,nl_var_graph,nature_vs_nurture,nie,"E[Y_{X=0, V3=1} - Y_{X=0, V3=0}]",2924,18043,False,0,0,0,1,0,no,yes,yes,yes
qwen3_0_6b,Qwen3-0.6B,main,main,nl_var_graph,neg_mediation,backadj,[backdoor adjustment set for Y given X],2988,7788,False,0,0,0,1,0,no,yes,yes,yes
qwen3_0_6b,Qwen3-0.6B,main,main,nl_var_graph,neg_mediation,backadj,[backdoor adjustment set for Y given X],2988,18184,False,0,0,0,1,0,no,yes,yes,yes
qwen3_0_6b,Qwen3-0.6B,main,main,nl_var_graph,neg_mediation,nde,"E[Y_{X=1, V2=0} - Y_{X=0, V2=0}]",3122,3064,False,0,0,0,1,0,no,yes,yes,yes
qwen3_0_6b,Qwen3-0.6B,main,main,nl_var_graph,neg_mediation,nde,"E[Y_{X=1, V2=0} - Y_{X=0, V2=0}]",3122,13379,False,0,0,0,1,0,no,yes,yes,yes
qwen3_0_6b,Qwen3-0.6B,main,main,nl_var_graph,neg_mediation,nde,"E[Y_{X=1, V2=0} - Y_{X=0, V2=0}]",3122,18236,False,0,0,0,1,0,no,yes,yes,yes
qwen3_0_6b,Qwen3-0.6B,main,main,nl_var_graph,nonsense0,correlation,P(Y | X),21003,21032,False,0,0,0,1,0,no,yes,yes,yes
qwen3_0_6b,Qwen3-0.6B,main,main,nl_var_graph,nonsense0,correlation,P(Y | X),21003,25368,False,0,0,0,1,0,no,yes,yes,yes
qwen3_0_6b,Qwen3-0.6B,main,main,nl_var_graph,nonsense0,correlation,P(Y | X),21003,25530,False,0,0,0,1,0,no,yes,yes,yes
qwen3_0_6b,Qwen3-0.6B,main,main,nl_var_graph,nonsense0,correlation,P(Y | X),21143,21032,False,0,0,0,1,0,no,yes,yes,yes
qwen3_0_6b,Qwen3-0.6B,main,main,nl_var_graph,nonsense0,correlation,P(Y | X),21143,25368,False,0,0,0,1,0,no,yes,yes,yes
qwen3_0_6b,Qwen3-0.6B,main,main,nl_var_graph,nonsense0,correlation,P(Y | X),21143,25530,False,0,0,0,1,0,no,yes,yes,yes
qwen3_0_6b,Qwen3-0.6B,main,main,nl_var_graph,nonsense0,correlation,P(Y | X),21151,21032,False,0,0,0,1,0,no,yes,yes,yes
qwen3_0_6b,Qwen3-0.6B,main,main,nl_var_graph,nonsense0,correlation,P(Y | X),21151,25368,False,0,0,0,1,0,no,yes,yes,yes
qwen3_0_6b,Qwen3-0.6B,main,main,nl_var_graph,nonsense0,correlation,P(Y | X),21151,25530,False,0,0,0,1,0,no,yes,yes,yes
qwen3_0_6b,Qwen3-0.6B,main,main,nl_var_graph,nonsense0,correlation,P(Y | X),21189,21032,False,0,0,0,1,0,no,yes,yes,yes
qwen3_0_6b,Qwen3-0.6B,main,main,nl_var_graph,nonsense0,correlation,P(Y | X),21189,25368,False,0,0,0,1,0,no,yes,yes,yes
qwen3_0_6b,Qwen3-0.6B,main,main,nl_var_graph,nonsense0,correlation,P(Y | X),21189,25530,False,0,0,0,1,0,no,yes,yes,yes
qwen3_0_6b,Qwen3-0.6B,main,main,nl_var_graph,nonsense0,correlation,P(Y | X),25498,21032,False,0,0,0,1,0,no,yes,yes,yes
qwen3_0_6b,Qwen3-0.6B,main,main,nl_var_graph,nonsense0,correlation,P(Y | X),25498,25368,False,0,0,0,1,0,no,yes,yes,yes
qwen3_0_6b,Qwen3-0.6B,main,main,nl_var_graph,nonsense0,correlation,P(Y | X),25498,25530,False,0,0,0,1,0,no,yes,yes,yes
qwen3_0_6b,Qwen3-0.6B,main,main,nl_var_graph,nonsense0,det-counterfactual,Y_{X=0} = 1 | V1=1,29612,29633,False,0,0,0,1,0,no,yes,yes,yes
qwen3_0_6b,Qwen3-0.6B,main,main,nl_var_graph,nonsense0,ett,E[Y_{X = 1} - Y_{X = 0} | X = 1],21192,21006,False,0,0,0,1,0,no,yes,yes,yes
qwen3_0_6b,Qwen3-0.6B,main,main,nl_var_graph,nonsense0,marginal,P(Y),20836,21002,False,0,0,0,1,0,no,yes,yes,yes
qwen3_0_6b,Qwen3-0.6B,main,main,nl_var_graph,nonsense0,marginal,P(Y),20836,21136,False,0,0,0,1,0,no,yes,yes,yes
qwen3_0_6b,Qwen3-0.6B,main,main,nl_var_graph,nonsense0,marginal,P(Y),20836,25467,False,0,0,0,1,0,no,yes,yes,yes
qwen3_0_6b,Qwen3-0.6B,main,main,nl_var_graph,nonsense0,marginal,P(Y),20836,25505,False,0,0,0,1,0,no,yes,yes,yes
qwen3_0_6b,Qwen3-0.6B,main,main,nl_var_graph,nonsense0,marginal,P(Y),21175,21002,False,0,0,0,1,0,no,yes,yes,yes
qwen3_0_6b,Qwen3-0.6B,main,main,nl_var_graph,nonsense0,marginal,P(Y),21175,21136,False,0,0,0,1,0,no,yes,yes,yes
qwen3_0_6b,Qwen3-0.6B,main,main,nl_var_graph,nonsense0,marginal,P(Y),21175,25467,False,0,0,0,1,0,no,yes,yes,yes
qwen3_0_6b,Qwen3-0.6B,main,main,nl_var_graph,nonsense0,marginal,P(Y),21175,25505,False,0,0,0,1,0,no,yes,yes,yes
qwen3_0_6b,Qwen3-0.6B,main,main,nl_var_graph,nonsense0,marginal,P(Y),25218,21002,False,0,0,0,1,0,no,yes,yes,yes
qwen3_0_6b,Qwen3-0.6B,main,main,nl_var_graph,nonsense0,marginal,P(Y),25218,21136,False,0,0,0,1,0,no,yes,yes,yes
qwen3_0_6b,Qwen3-0.6B,main,main,nl_var_graph,nonsense0,marginal,P(Y),25218,25467,False,0,0,0,1,0,no,yes,yes,yes
qwen3_0_6b,Qwen3-0.6B,main,main,nl_var_graph,nonsense0,marginal,P(Y),25218,25505,False,0,0,0,1,0,no,yes,yes,yes
qwen3_0_6b,Qwen3-0.6B,main,main,nl_var_graph,nonsense0,marginal,P(Y),25432,21002,False,0,0,0,1,0,no,yes,yes,yes
qwen3_0_6b,Qwen3-0.6B,main,main,nl_var_graph,nonsense0,marginal,P(Y),25432,21136,False,0,0,0,1,0,no,yes,yes,yes
qwen3_0_6b,Qwen3-0.6B,main,main,nl_var_graph,nonsense0,marginal,P(Y),25432,25467,False,0,0,0,1,0,no,yes,yes,yes
qwen3_0_6b,Qwen3-0.6B,main,main,nl_var_graph,nonsense0,marginal,P(Y),25432,25505,False,0,0,0,1,0,no,yes,yes,yes
qwen3_0_6b,Qwen3-0.6B,main,main,nl_var_graph,nonsense1,ate,E[Y | do(X = 1)] - E[Y | do(X = 0)],21244,25637,False,0,0,0,1,0,no,yes,yes,yes
qwen3_0_6b,Qwen3-0.6B,main,main,nl_var_graph,nonsense1,ate,E[Y | do(X = 1)] - E[Y | do(X = 0)],21666,25637,False,0,0,0,1,0,no,yes,yes,yes
qwen3_0_6b,Qwen3-0.6B,main,main,nl_var_graph,nonsense1,ate,E[Y | do(X = 1)] - E[Y | do(X = 0)],21676,25637,False,0,0,0,1,0,no,yes,yes,yes
qwen3_0_6b,Qwen3-0.6B,main,main,nl_var_graph,nonsense1,backadj,[backdoor adjustment set for Y given X],21259,25654,False,0,0,0,1,0,no,yes,yes,yes
qwen3_0_6b,Qwen3-0.6B,main,main,nl_var_graph,nonsense1,backadj,[backdoor adjustment set for Y given X],21259,25809,False,0,0,0,1,0,no,yes,yes,yes
qwen3_0_6b,Qwen3-0.6B,main,main,nl_var_graph,nonsense1,backadj,[backdoor adjustment set for Y given X],21442,25654,False,0,0,0,1,0,no,yes,yes,yes
qwen3_0_6b,Qwen3-0.6B,main,main,nl_var_graph,nonsense1,backadj,[backdoor adjustment set for Y given X],21442,25809,False,0,0,0,1,0,no,yes,yes,yes
qwen3_0_6b,Qwen3-0.6B,main,main,nl_var_graph,nonsense1,backadj,[backdoor adjustment set for Y given X],21607,25654,False,0,0,0,1,0,no,yes,yes,yes
qwen3_0_6b,Qwen3-0.6B,main,main,nl_var_graph,nonsense1,backadj,[backdoor adjustment set for Y given X],21607,25809,False,0,0,0,1,0,no,yes,yes,yes
qwen3_0_6b,Qwen3-0.6B,main,main,nl_var_graph,nonsense1,backadj,[backdoor adjustment set for Y given X],21638,25654,False,0,0,0,1,0,no,yes,yes,yes
qwen3_0_6b,Qwen3-0.6B,main,main,nl_var_graph,nonsense1,backadj,[backdoor adjustment set for Y given X],21638,25809,False,0,0,0,1,0,no,yes,yes,yes
qwen3_0_6b,Qwen3-0.6B,main,main,nl_var_graph,nonsense1,ett,E[Y_{X = 1} - Y_{X = 0} | X = 1],25994,25617,False,0,0,0,1,0,no,yes,yes,yes
qwen3_0_6b,Qwen3-0.6B,main,main,nl_var_graph,nonsense1,ett,E[Y_{X = 1} - Y_{X = 0} | X = 1],25994,25797,False,0,0,0,1,0,no,yes,yes,yes
qwen3_0_6b,Qwen3-0.6B,main,main,nl_var_graph,nonsense1,ett,E[Y_{X = 1} - Y_{X = 0} | X = 1],25994,25893,False,0,0,0,1,0,no,yes,yes,yes
qwen3_0_6b,Qwen3-0.6B,main,main,nl_var_graph,nonsense1,ett,E[Y_{X = 1} - Y_{X = 0} | X = 1],25994,25966,False,0,0,0,1,0,no,yes,yes,yes
qwen3_0_6b,Qwen3-0.6B,main,main,nl_var_graph,nonsense2,backadj,[backdoor adjustment set for Y given X],26079,26183,False,0,0,0,1,0,no,yes,yes,yes
qwen3_0_6b,Qwen3-0.6B,main,main,nl_var_graph,nonsense2,backadj,[backdoor adjustment set for Y given X],26079,26362,False,0,0,0,1,0,no,yes,yes,yes
qwen3_0_6b,Qwen3-0.6B,main,main,nl_var_graph,nonsense2,backadj,[backdoor adjustment set for Y given X],26121,26183,False,0,0,0,1,0,no,yes,yes,yes
qwen3_0_6b,Qwen3-0.6B,main,main,nl_var_graph,nonsense2,backadj,[backdoor adjustment set for Y given X],26121,26362,False,0,0,0,1,0,no,yes,yes,yes
qwen3_0_6b,Qwen3-0.6B,main,main,nl_var_graph,nonsense2,backadj,[backdoor adjustment set for Y given X],26284,26183,False,0,0,0,1,0,no,yes,yes,yes
qwen3_0_6b,Qwen3-0.6B,main,main,nl_var_graph,nonsense2,backadj,[backdoor adjustment set for Y given X],26284,26362,False,0,0,0,1,0,no,yes,yes,yes
qwen3_0_6b,Qwen3-0.6B,main,main,nl_var_graph,nonsense2,marginal,P(Y),21712,21901,False,0,0,0,1,0,no,yes,yes,yes
qwen3_0_6b,Qwen3-0.6B,main,main,nl_var_graph,nonsense2,marginal,P(Y),21712,22112,False,0,0,0,1,0,no,yes,yes,yes
qwen3_0_6b,Qwen3-0.6B,main,main,nl_var_graph,nonsense2,marginal,P(Y),21886,21901,False,0,0,0,1,0,no,yes,yes,yes
qwen3_0_6b,Qwen3-0.6B,main,main,nl_var_graph,nonsense2,marginal,P(Y),21886,22112,False,0,0,0,1,0,no,yes,yes,yes
qwen3_0_6b,Qwen3-0.6B,main,main,nl_var_graph,nonsense3,ate,E[Y | do(X = 1)] - E[Y | do(X = 0)],26729,22429,False,0,0,0,1,0,no,yes,yes,yes
qwen3_0_6b,Qwen3-0.6B,main,main,nl_var_graph,nonsense3,ate,E[Y | do(X = 1)] - E[Y | do(X = 0)],26729,22490,False,0,0,0,1,0,no,yes,yes,yes
qwen3_0_6b,Qwen3-0.6B,main,main,nl_var_graph,nonsense3,ate,E[Y | do(X = 1)] - E[Y | do(X = 0)],26729,26515,False,0,0,0,1,0,no,yes,yes,yes
qwen3_0_6b,Qwen3-0.6B,main,main,nl_var_graph,nonsense3,correlation,P(Y | X),22326,26883,False,0,0,0,1,0,no,yes,yes,yes
qwen3_0_6b,Qwen3-0.6B,main,main,nl_var_graph,nonsense3,ett,E[Y_{X = 1} - Y_{X = 0} | X = 1],26834,26855,False,0,0,0,1,0,no,yes,yes,yes
qwen3_0_6b,Qwen3-0.6B,main,main,nl_var_graph,nonsense3,nie,"E[Y_{X=0, V2=1} - Y_{X=0, V2=0}]",22274,26488,False,0,0,0,1,0,no,yes,yes,yes
qwen3_0_6b,Qwen3-0.6B,main,main,nl_var_graph,nonsense4,ate,E[Y | do(X = 1)] - E[Y | do(X = 0)],22947,27135,False,0,0,0,1,0,no,yes,yes,yes
qwen3_0_6b,Qwen3-0.6B,main,main,nl_var_graph,nonsense4,ate,E[Y | do(X = 1)] - E[Y | do(X = 0)],27182,27135,False,0,0,0,1,0,no,yes,yes,yes
qwen3_0_6b,Qwen3-0.6B,main,main,nl_var_graph,nonsense4,backadj,[backdoor adjustment set for Y given X],22665,22933,False,0,0,0,1,0,no,yes,yes,yes
qwen3_0_6b,Qwen3-0.6B,main,main,nl_var_graph,nonsense4,backadj,[backdoor adjustment set for Y given X],22665,26932,False,0,0,0,1,0,no,yes,yes,yes
qwen3_0_6b,Qwen3-0.6B,main,main,nl_var_graph,nonsense4,backadj,[backdoor adjustment set for Y given X],22665,27284,False,0,0,0,1,0,no,yes,yes,yes
qwen3_0_6b,Qwen3-0.6B,main,main,nl_var_graph,nonsense4,correlation,P(Y | X),22908,22778,False,0,0,0,1,0,no,yes,yes,yes
qwen3_0_6b,Qwen3-0.6B,main,main,nl_var_graph,nonsense4,correlation,P(Y | X),22908,27166,False,0,0,0,1,0,no,yes,yes,yes
qwen3_0_6b,Qwen3-0.6B,main,main,nl_var_graph,nonsense4,correlation,P(Y | X),22908,27298,False,0,0,0,1,0,no,yes,yes,yes
qwen3_0_6b,Qwen3-0.6B,main,main,nl_var_graph,nonsense4,correlation,P(Y | X),27250,22778,False,0,0,0,1,0,no,yes,yes,yes
qwen3_0_6b,Qwen3-0.6B,main,main,nl_var_graph,nonsense4,correlation,P(Y | X),27250,27166,False,0,0,0,1,0,no,yes,yes,yes
qwen3_0_6b,Qwen3-0.6B,main,main,nl_var_graph,nonsense4,correlation,P(Y | X),27250,27298,False,0,0,0,1,0,no,yes,yes,yes
qwen3_0_6b,Qwen3-0.6B,main,main,nl_var_graph,nonsense4,ett,E[Y_{X = 1} - Y_{X = 0} | X = 1],27116,22780,False,0,0,0,1,0,no,yes,yes,yes
qwen3_0_6b,Qwen3-0.6B,main,main,nl_var_graph,nonsense4,nie,"E[Y_{X=0, V2=1} - Y_{X=0, V2=0}]",22696,26923,False,0,0,0,1,0,no,yes,yes,yes
qwen3_0_6b,Qwen3-0.6B,main,main,nl_var_graph,nonsense5,ate,E[Y | do(X = 1)] - E[Y | do(X = 0)],23399,27594,False,0,0,0,1,0,no,yes,yes,yes
qwen3_0_6b,Qwen3-0.6B,main,main,nl_var_graph,nonsense5,backadj,[backdoor adjustment set for Y given X],23360,27451,False,0,0,0,1,0,no,yes,yes,yes
qwen3_0_6b,Qwen3-0.6B,main,main,nl_var_graph,nonsense5,correlation,P(Y | X),23043,27557,False,0,0,0,1,0,no,yes,yes,yes
qwen3_0_6b,Qwen3-0.6B,main,main,nl_var_graph,nonsense5,marginal,P(Y),23250,23422,False,0,0,0,1,0,no,yes,yes,yes
qwen3_0_6b,Qwen3-0.6B,main,main,nl_var_graph,nonsense5,marginal,P(Y),23250,27732,False,0,0,0,1,0,no,yes,yes,yes
qwen3_0_6b,Qwen3-0.6B,main,main,nl_var_graph,nonsense5,nde,"E[Y_{X=1, V3=0} - Y_{X=0, V3=0}]",23277,23295,False,0,0,0,1,0,no,yes,yes,yes
qwen3_0_6b,Qwen3-0.6B,main,main,nl_var_graph,nonsense5,nde,"E[Y_{X=1, V3=0} - Y_{X=0, V3=0}]",27610,23295,False,0,0,0,1,0,no,yes,yes,yes
qwen3_0_6b,Qwen3-0.6B,main,main,nl_var_graph,nonsense6,ate,E[Y | do(X = 1)] - E[Y | do(X = 0)],23628,23830,False,0,0,0,1,0,no,yes,yes,yes
qwen3_0_6b,Qwen3-0.6B,main,main,nl_var_graph,nonsense6,ate,E[Y | do(X = 1)] - E[Y | do(X = 0)],27812,23830,False,0,0,0,1,0,no,yes,yes,yes
qwen3_0_6b,Qwen3-0.6B,main,main,nl_var_graph,nonsense6,ate,E[Y | do(X = 1)] - E[Y | do(X = 0)],27882,23830,False,0,0,0,1,0,no,yes,yes,yes
qwen3_0_6b,Qwen3-0.6B,main,main,nl_var_graph,nonsense6,backadj,[backdoor adjustment set for Y given X],27833,27784,False,0,0,0,1,0,no,yes,yes,yes
qwen3_0_6b,Qwen3-0.6B,main,main,nl_var_graph,nonsense6,backadj,[backdoor adjustment set for Y given X],27833,28207,False,0,0,0,1,0,no,yes,yes,yes
qwen3_0_6b,Qwen3-0.6B,main,main,nl_var_graph,nonsense6,backadj,[backdoor adjustment set for Y given X],27833,28221,False,0,0,0,1,0,no,yes,yes,yes
qwen3_0_6b,Qwen3-0.6B,main,main,nl_var_graph,nonsense6,marginal,P(Y),23788,23640,False,0,0,0,1,0,no,yes,yes,yes
qwen3_0_6b,Qwen3-0.6B,main,main,nl_var_graph,nonsense6,marginal,P(Y),23858,23640,False,0,0,0,1,0,no,yes,yes,yes
qwen3_0_6b,Qwen3-0.6B,main,main,nl_var_graph,nonsense6,marginal,P(Y),27970,23640,False,0,0,0,1,0,no,yes,yes,yes
qwen3_0_6b,Qwen3-0.6B,main,main,nl_var_graph,nonsense6,nie,"E[Y_{X=0, V2=1} - Y_{X=0, V2=0}]",23466,27819,False,0,0,0,1,0,no,yes,yes,yes
qwen3_0_6b,Qwen3-0.6B,main,main,nl_var_graph,nonsense7,backadj,[backdoor adjustment set for Y given X],23987,28581,False,0,0,0,1,0,no,yes,yes,yes
qwen3_0_6b,Qwen3-0.6B,main,main,nl_var_graph,nonsense7,correlation,P(Y | X),24034,24258,False,0,0,0,1,0,no,yes,yes,yes
qwen3_0_6b,Qwen3-0.6B,main,main,nl_var_graph,nonsense7,correlation,P(Y | X),24034,28632,False,0,0,0,1,0,no,yes,yes,yes
qwen3_0_6b,Qwen3-0.6B,main,main,nl_var_graph,nonsense7,correlation,P(Y | X),24237,24258,False,0,0,0,1,0,no,yes,yes,yes
qwen3_0_6b,Qwen3-0.6B,main,main,nl_var_graph,nonsense7,correlation,P(Y | X),24237,28632,False,0,0,0,1,0,no,yes,yes,yes
qwen3_0_6b,Qwen3-0.6B,main,main,nl_var_graph,nonsense7,correlation,P(Y | X),28318,24258,False,0,0,0,1,0,no,yes,yes,yes
qwen3_0_6b,Qwen3-0.6B,main,main,nl_var_graph,nonsense7,correlation,P(Y | X),28318,28632,False,0,0,0,1,0,no,yes,yes,yes
qwen3_0_6b,Qwen3-0.6B,main,main,nl_var_graph,nonsense7,ett,E[Y_{X = 1} - Y_{X = 0} | X = 1],28622,23901,False,0,0,0,1,0,no,yes,yes,yes
qwen3_0_6b,Qwen3-0.6B,main,main,nl_var_graph,nonsense7,ett,E[Y_{X = 1} - Y_{X = 0} | X = 1],28634,23901,False,0,0,0,1,0,no,yes,yes,yes
qwen3_0_6b,Qwen3-0.6B,main,main,nl_var_graph,nonsense8,ate,E[Y | do(X = 1)] - E[Y | do(X = 0)],24401,24623,False,0,0,0,1,0,no,yes,yes,yes
qwen3_0_6b,Qwen3-0.6B,main,main,nl_var_graph,nonsense8,ate,E[Y | do(X = 1)] - E[Y | do(X = 0)],24401,28861,False,0,0,0,1,0,no,yes,yes,yes
qwen3_0_6b,Qwen3-0.6B,main,main,nl_var_graph,nonsense8,ate,E[Y | do(X = 1)] - E[Y | do(X = 0)],24441,24623,False,0,0,0,1,0,no,yes,yes,yes
qwen3_0_6b,Qwen3-0.6B,main,main,nl_var_graph,nonsense8,ate,E[Y | do(X = 1)] - E[Y | do(X = 0)],24441,28861,False,0,0,0,1,0,no,yes,yes,yes
qwen3_0_6b,Qwen3-0.6B,main,main,nl_var_graph,nonsense8,ate,E[Y | do(X = 1)] - E[Y | do(X = 0)],28847,24623,False,0,0,0,1,0,no,yes,yes,yes
qwen3_0_6b,Qwen3-0.6B,main,main,nl_var_graph,nonsense8,ate,E[Y | do(X = 1)] - E[Y | do(X = 0)],28847,28861,False,0,0,0,1,0,no,yes,yes,yes
qwen3_0_6b,Qwen3-0.6B,main,main,nl_var_graph,nonsense8,correlation,P(Y | X),24741,24690,False,0,0,0,1,0,no,yes,yes,yes
qwen3_0_6b,Qwen3-0.6B,main,main,nl_var_graph,nonsense8,correlation,P(Y | X),24741,24694,False,0,0,0,1,0,no,yes,yes,yes
qwen3_0_6b,Qwen3-0.6B,main,main,nl_var_graph,nonsense8,correlation,P(Y | X),28780,24690,False,0,0,0,1,0,no,yes,yes,yes
qwen3_0_6b,Qwen3-0.6B,main,main,nl_var_graph,nonsense8,correlation,P(Y | X),28780,24694,False,0,0,0,1,0,no,yes,yes,yes
qwen3_0_6b,Qwen3-0.6B,main,main,nl_var_graph,nonsense8,correlation,P(Y | X),28911,24690,False,0,0,0,1,0,no,yes,yes,yes
qwen3_0_6b,Qwen3-0.6B,main,main,nl_var_graph,nonsense8,correlation,P(Y | X),28911,24694,False,0,0,0,1,0,no,yes,yes,yes
qwen3_0_6b,Qwen3-0.6B,main,main,nl_var_graph,nonsense8,ett,E[Y_{X = 1} - Y_{X = 0} | X = 1],24527,28840,False,0,0,0,1,0,no,yes,yes,yes
qwen3_0_6b,Qwen3-0.6B,main,main,nl_var_graph,nonsense8,ett,E[Y_{X = 1} - Y_{X = 0} | X = 1],24648,28840,False,0,0,0,1,0,no,yes,yes,yes
qwen3_0_6b,Qwen3-0.6B,main,main,nl_var_graph,nonsense8,ett,E[Y_{X = 1} - Y_{X = 0} | X = 1],24671,28840,False,0,0,0,1,0,no,yes,yes,yes
qwen3_0_6b,Qwen3-0.6B,main,main,nl_var_graph,nonsense8,ett,E[Y_{X = 1} - Y_{X = 0} | X = 1],29113,28840,False,0,0,0,1,0,no,yes,yes,yes
qwen3_0_6b,Qwen3-0.6B,main,main,nl_var_graph,nonsense8,marginal,P(Y),24737,24348,False,0,0,0,1,0,no,yes,yes,yes
qwen3_0_6b,Qwen3-0.6B,main,main,nl_var_graph,nonsense9,ate,E[Y | do(X = 1)] - E[Y | do(X = 0)],25095,29344,False,0,0,0,1,0,no,yes,yes,yes
qwen3_0_6b,Qwen3-0.6B,main,main,nl_var_graph,nonsense9,correlation,P(Y | X),24783,24865,False,0,0,0,1,0,no,yes,yes,yes
qwen3_0_6b,Qwen3-0.6B,main,main,nl_var_graph,nonsense9,correlation,P(Y | X),24783,24952,False,0,0,0,1,0,no,yes,yes,yes
qwen3_0_6b,Qwen3-0.6B,main,main,nl_var_graph,nonsense9,correlation,P(Y | X),24783,24974,False,0,0,0,1,0,no,yes,yes,yes
qwen3_0_6b,Qwen3-0.6B,main,main,nl_var_graph,nonsense9,correlation,P(Y | X),24783,29515,False,0,0,0,1,0,no,yes,yes,yes
qwen3_0_6b,Qwen3-0.6B,main,main,nl_var_graph,nonsense9,correlation,P(Y | X),29136,24865,False,0,0,0,1,0,no,yes,yes,yes
qwen3_0_6b,Qwen3-0.6B,main,main,nl_var_graph,nonsense9,correlation,P(Y | X),29136,24952,False,0,0,0,1,0,no,yes,yes,yes
qwen3_0_6b,Qwen3-0.6B,main,main,nl_var_graph,nonsense9,correlation,P(Y | X),29136,24974,False,0,0,0,1,0,no,yes,yes,yes
qwen3_0_6b,Qwen3-0.6B,main,main,nl_var_graph,nonsense9,correlation,P(Y | X),29136,29515,False,0,0,0,1,0,no,yes,yes,yes
qwen3_0_6b,Qwen3-0.6B,main,main,nl_var_graph,nonsense9,correlation,P(Y | X),29246,24865,False,0,0,0,1,0,no,yes,yes,yes
qwen3_0_6b,Qwen3-0.6B,main,main,nl_var_graph,nonsense9,correlation,P(Y | X),29246,24952,False,0,0,0,1,0,no,yes,yes,yes
qwen3_0_6b,Qwen3-0.6B,main,main,nl_var_graph,nonsense9,correlation,P(Y | X),29246,24974,False,0,0,0,1,0,no,yes,yes,yes
qwen3_0_6b,Qwen3-0.6B,main,main,nl_var_graph,nonsense9,correlation,P(Y | X),29246,29515,False,0,0,0,1,0,no,yes,yes,yes
qwen3_0_6b,Qwen3-0.6B,main,main,nl_var_graph,nonsense9,correlation,P(Y | X),29475,24865,False,0,0,0,1,0,no,yes,yes,yes
qwen3_0_6b,Qwen3-0.6B,main,main,nl_var_graph,nonsense9,correlation,P(Y | X),29475,24952,False,0,0,0,1,0,no,yes,yes,yes
qwen3_0_6b,Qwen3-0.6B,main,main,nl_var_graph,nonsense9,correlation,P(Y | X),29475,24974,False,0,0,0,1,0,no,yes,yes,yes
qwen3_0_6b,Qwen3-0.6B,main,main,nl_var_graph,nonsense9,correlation,P(Y | X),29475,29515,False,0,0,0,1,0,no,yes,yes,yes
qwen3_0_6b,Qwen3-0.6B,main,main,nl_var_graph,nonsense9,marginal,P(Y),25058,29221,False,0,0,0,1,0,no,yes,yes,yes
qwen3_0_6b,Qwen3-0.6B,main,main,nl_var_graph,nonsense9,marginal,P(Y),25058,29509,False,0,0,0,1,0,no,yes,yes,yes
qwen3_0_6b,Qwen3-0.6B,main,main,nl_var_graph,nonsense9,marginal,P(Y),29191,29221,False,0,0,0,1,0,no,yes,yes,yes
qwen3_0_6b,Qwen3-0.6B,main,main,nl_var_graph,nonsense9,marginal,P(Y),29191,29509,False,0,0,0,1,0,no,yes,yes,yes
qwen3_0_6b,Qwen3-0.6B,main,main,nl_var_graph,nonsense9,marginal,P(Y),29486,29221,False,0,0,0,1,0,no,yes,yes,yes
qwen3_0_6b,Qwen3-0.6B,main,main,nl_var_graph,nonsense9,marginal,P(Y),29486,29509,False,0,0,0,1,0,no,yes,yes,yes
qwen3_0_6b,Qwen3-0.6B,main,main,nl_var_graph,nonsense9,nde,"E[Y_{X=1, V3=0} - Y_{X=0, V3=0}]",25023,25019,False,0,0,0,1,0,no,yes,yes,yes
qwen3_0_6b,Qwen3-0.6B,main,main,nl_var_graph,obesity_mortality,nde,"E[Y_{X=1, V3=0} - Y_{X=0, V3=0}]",18390,3208,False,0,0,0,1,0,no,yes,yes,yes
qwen3_0_6b,Qwen3-0.6B,main,main,nl_var_graph,obesity_mortality,nde,"E[Y_{X=1, V3=0} - Y_{X=0, V3=0}]",18390,7961,False,0,0,0,1,0,no,yes,yes,yes
qwen3_0_6b,Qwen3-0.6B,main,main,nl_var_graph,obesity_mortality,nde,"E[Y_{X=1, V3=0} - Y_{X=0, V3=0}]",18390,13546,False,0,0,0,1,0,no,yes,yes,yes
qwen3_0_6b,Qwen3-0.6B,main,main,nl_var_graph,obesity_mortality,nde,"E[Y_{X=1, V3=0} - Y_{X=0, V3=0}]",18390,13611,False,0,0,0,1,0,no,yes,yes,yes
qwen3_0_6b,Qwen3-0.6B,main,main,nl_var_graph,obesity_mortality,nde,"E[Y_{X=1, V3=0} - Y_{X=0, V3=0}]",18390,13621,False,0,0,0,1,0,no,yes,yes,yes
qwen3_0_6b,Qwen3-0.6B,main,main,nl_var_graph,orange_scurvy,ate,E[Y | do(X = 1)] - E[Y | do(X = 0)],18530,3306,False,0,0,0,1,0,no,yes,yes,yes
qwen3_0_6b,Qwen3-0.6B,main,main,nl_var_graph,orange_scurvy,ate,E[Y | do(X = 1)] - E[Y | do(X = 0)],18530,8160,False,0,0,0,1,0,no,yes,yes,yes
qwen3_0_6b,Qwen3-0.6B,main,main,nl_var_graph,orange_scurvy,ate,E[Y | do(X = 1)] - E[Y | do(X = 0)],18530,18567,False,0,0,0,1,0,no,yes,yes,yes
qwen3_0_6b,Qwen3-0.6B,main,main,nl_var_graph,orange_scurvy,correlation,P(Y | X),3414,3405,False,0,0,0,1,0,no,yes,yes,yes
qwen3_0_6b,Qwen3-0.6B,main,main,nl_var_graph,orange_scurvy,correlation,P(Y | X),3414,13720,False,0,0,0,1,0,no,yes,yes,yes
qwen3_0_6b,Qwen3-0.6B,main,main,nl_var_graph,orange_scurvy,correlation,P(Y | X),3414,13727,False,0,0,0,1,0,no,yes,yes,yes
qwen3_0_6b,Qwen3-0.6B,main,main,nl_var_graph,orange_scurvy,correlation,P(Y | X),13734,3405,False,0,0,0,1,0,no,yes,yes,yes
qwen3_0_6b,Qwen3-0.6B,main,main,nl_var_graph,orange_scurvy,correlation,P(Y | X),13734,13720,False,0,0,0,1,0,no,yes,yes,yes
qwen3_0_6b,Qwen3-0.6B,main,main,nl_var_graph,orange_scurvy,correlation,P(Y | X),13734,13727,False,0,0,0,1,0,no,yes,yes,yes
qwen3_0_6b,Qwen3-0.6B,main,main,nl_var_graph,orange_scurvy,correlation,P(Y | X),13751,3405,False,0,0,0,1,0,no,yes,yes,yes
qwen3_0_6b,Qwen3-0.6B,main,main,nl_var_graph,orange_scurvy,correlation,P(Y | X),13751,13720,False,0,0,0,1,0,no,yes,yes,yes
qwen3_0_6b,Qwen3-0.6B,main,main,nl_var_graph,orange_scurvy,correlation,P(Y | X),13751,13727,False,0,0,0,1,0,no,yes,yes,yes
qwen3_0_6b,Qwen3-0.6B,main,main,nl_var_graph,orange_scurvy,ett,E[Y_{X = 1} - Y_{X = 0} | X = 1],18508,18540,False,0,0,0,1,0,no,yes,yes,yes
qwen3_0_6b,Qwen3-0.6B,main,main,nl_var_graph,orange_scurvy,marginal,P(Y),18605,3391,False,0,0,0,1,0,no,yes,yes,yes
qwen3_0_6b,Qwen3-0.6B,main,main,nl_var_graph,orange_scurvy,marginal,P(Y),18605,8168,False,0,0,0,1,0,no,yes,yes,yes
qwen3_0_6b,Qwen3-0.6B,main,main,nl_var_graph,orange_scurvy,marginal,P(Y),18605,18581,False,0,0,0,1,0,no,yes,yes,yes
qwen3_0_6b,Qwen3-0.6B,main,main,nl_var_graph,penguin,backadj,[backdoor adjustment set for Y given X],1100,16235,False,0,0,0,1,0,no,yes,yes,yes
qwen3_0_6b,Qwen3-0.6B,main,main,nl_var_graph,penguin,marginal,P(Y),5921,1041,False,0,0,0,1,0,no,yes,yes,yes
qwen3_0_6b,Qwen3-0.6B,main,main,nl_var_graph,penguin,marginal,P(Y),5921,5915,False,0,0,0,1,0,no,yes,yes,yes
qwen3_0_6b,Qwen3-0.6B,main,main,nl_var_graph,penguin,marginal,P(Y),11563,1041,False,0,0,0,1,0,no,yes,yes,yes
qwen3_0_6b,Qwen3-0.6B,main,main,nl_var_graph,penguin,marginal,P(Y),11563,5915,False,0,0,0,1,0,no,yes,yes,yes
qwen3_0_6b,Qwen3-0.6B,main,main,nl_var_graph,penguin,nde,"E[Y_{X=1, V2=0} - Y_{X=0, V2=0}]",1099,1110,False,0,0,0,1,0,no,yes,yes,yes
qwen3_0_6b,Qwen3-0.6B,main,main,nl_var_graph,penguin,nde,"E[Y_{X=1, V2=0} - Y_{X=0, V2=0}]",1170,1110,False,0,0,0,1,0,no,yes,yes,yes
qwen3_0_6b,Qwen3-0.6B,main,main,nl_var_graph,penguin,nde,"E[Y_{X=1, V2=0} - Y_{X=0, V2=0}]",5927,1110,False,0,0,0,1,0,no,yes,yes,yes
qwen3_0_6b,Qwen3-0.6B,main,main,nl_var_graph,penguin,nde,"E[Y_{X=1, V2=0} - Y_{X=0, V2=0}]",16312,1110,False,0,0,0,1,0,no,yes,yes,yes
qwen3_0_6b,Qwen3-0.6B,main,main,nl_var_graph,penguin,nie,"E[Y_{X=0, V2=1} - Y_{X=0, V2=0}]",1147,16243,False,0,0,0,1,0,no,yes,yes,yes
qwen3_0_6b,Qwen3-0.6B,main,main,nl_var_graph,price,ate,E[Y | do(X = 1)] - E[Y | do(X = 0)],13863,18634,False,0,0,0,1,0,no,yes,yes,yes
qwen3_0_6b,Qwen3-0.6B,main,main,nl_var_graph,price,backadj,[backdoor adjustment set for Y given X],8272,8293,False,0,0,0,1,0,no,yes,yes,yes
qwen3_0_6b,Qwen3-0.6B,main,main,nl_var_graph,simpson_drug,correlation,P(Y | X),14000,14032,False,0,0,0,1,0,no,yes,yes,yes
qwen3_0_6b,Qwen3-0.6B,main,main,nl_var_graph,simpson_drug,marginal,P(Y),8358,8385,False,0,0,0,1,0,no,yes,yes,yes
qwen3_0_6b,Qwen3-0.6B,main,main,nl_var_graph,simpson_drug,marginal,P(Y),8358,14030,False,0,0,0,1,0,no,yes,yes,yes
qwen3_0_6b,Qwen3-0.6B,main,main,nl_var_graph,simpson_hospital,backadj,[backdoor adjustment set for Y given X],18926,8480,False,0,0,0,1,0,no,yes,yes,yes
qwen3_0_6b,Qwen3-0.6B,main,main,nl_var_graph,simpson_hospital,backadj,[backdoor adjustment set for Y given X],18926,18889,False,0,0,0,1,0,no,yes,yes,yes
qwen3_0_6b,Qwen3-0.6B,main,main,nl_var_graph,simpson_kidneystone,backadj,[backdoor adjustment set for Y given X],3794,14204,False,0,0,0,1,0,no,yes,yes,yes
qwen3_0_6b,Qwen3-0.6B,main,main,nl_var_graph,simpson_kidneystone,correlation,P(Y | X),14270,8625,False,0,0,0,1,0,no,yes,yes,yes
qwen3_0_6b,Qwen3-0.6B,main,main,nl_var_graph,simpson_kidneystone,correlation,P(Y | X),14270,14162,False,0,0,0,1,0,no,yes,yes,yes
qwen3_0_6b,Qwen3-0.6B,main,main,nl_var_graph,simpson_kidneystone,marginal,P(Y),14171,14234,False,0,0,0,1,0,no,yes,yes,yes
qwen3_0_6b,Qwen3-0.6B,main,main,nl_var_graph,simpson_vaccine,backadj,[backdoor adjustment set for Y given X],14301,3952,False,0,0,0,1,0,no,yes,yes,yes
qwen3_0_6b,Qwen3-0.6B,main,main,nl_var_graph,simpson_vaccine,backadj,[backdoor adjustment set for Y given X],14301,3962,False,0,0,0,1,0,no,yes,yes,yes
qwen3_0_6b,Qwen3-0.6B,main,main,nl_var_graph,simpson_vaccine,marginal,P(Y),19079,19085,False,0,0,0,1,0,no,yes,yes,yes
qwen3_0_6b,Qwen3-0.6B,main,main,nl_var_graph,simpson_vaccine,marginal,P(Y),19079,19103,False,0,0,0,1,0,no,yes,yes,yes
qwen3_0_6b,Qwen3-0.6B,main,main,nl_var_graph,smoke_birthWeight,nde,"E[Y_{X=1, V3=0} - Y_{X=0, V3=0}]",14542,8760,False,0,0,0,1,0,no,yes,yes,yes
qwen3_0_6b,Qwen3-0.6B,main,main,nl_var_graph,smoke_birthWeight,nde,"E[Y_{X=1, V3=0} - Y_{X=0, V3=0}]",14542,19236,False,0,0,0,1,0,no,yes,yes,yes
qwen3_0_6b,Qwen3-0.6B,main,main,nl_var_graph,smoke_birthWeight,nde,"E[Y_{X=1, V3=0} - Y_{X=0, V3=0}]",14542,19297,False,0,0,0,1,0,no,yes,yes,yes
qwen3_0_6b,Qwen3-0.6B,main,main,nl_var_graph,smoke_birthWeight,nde,"E[Y_{X=1, V3=0} - Y_{X=0, V3=0}]",19287,8760,False,0,0,0,1,0,no,yes,yes,yes
qwen3_0_6b,Qwen3-0.6B,main,main,nl_var_graph,smoke_birthWeight,nde,"E[Y_{X=1, V3=0} - Y_{X=0, V3=0}]",19287,19236,False,0,0,0,1,0,no,yes,yes,yes
qwen3_0_6b,Qwen3-0.6B,main,main,nl_var_graph,smoke_birthWeight,nde,"E[Y_{X=1, V3=0} - Y_{X=0, V3=0}]",19287,19297,False,0,0,0,1,0,no,yes,yes,yes
qwen3_0_6b,Qwen3-0.6B,main,main,nl_var_graph,smoke_birthWeight,nie,"E[Y_{X=0, V3=1} - Y_{X=0, V3=0}]",8773,14402,False,0,0,0,1,0,no,yes,yes,yes
qwen3_0_6b,Qwen3-0.6B,main,main,nl_var_graph,smoke_birthWeight,nie,"E[Y_{X=0, V3=1} - Y_{X=0, V3=0}]",8773,14548,False,0,0,0,1,0,no,yes,yes,yes
qwen3_0_6b,Qwen3-0.6B,main,main,nl_var_graph,smoke_birthWeight,nie,"E[Y_{X=0, V3=1} - Y_{X=0, V3=0}]",14443,14402,False,0,0,0,1,0,no,yes,yes,yes
qwen3_0_6b,Qwen3-0.6B,main,main,nl_var_graph,smoke_birthWeight,nie,"E[Y_{X=0, V3=1} - Y_{X=0, V3=0}]",14443,14548,False,0,0,0,1,0,no,yes,yes,yes
qwen3_0_6b,Qwen3-0.6B,main,main,nl_var_graph,smoking_frontdoor,correlation,P(Y | X),4170,9021,False,0,0,0,1,0,no,yes,yes,yes
qwen3_0_6b,Qwen3-0.6B,main,main,nl_var_graph,smoking_frontdoor,correlation,P(Y | X),4170,9043,False,0,0,0,1,0,no,yes,yes,yes
qwen3_0_6b,Qwen3-0.6B,main,main,nl_var_graph,smoking_frontdoor,correlation,P(Y | X),4170,19358,False,0,0,0,1,0,no,yes,yes,yes
qwen3_0_6b,Qwen3-0.6B,main,main,nl_var_graph,smoking_frontdoor,correlation,P(Y | X),4180,9021,False,0,0,0,1,0,no,yes,yes,yes
qwen3_0_6b,Qwen3-0.6B,main,main,nl_var_graph,smoking_frontdoor,correlation,P(Y | X),4180,9043,False,0,0,0,1,0,no,yes,yes,yes
qwen3_0_6b,Qwen3-0.6B,main,main,nl_var_graph,smoking_frontdoor,correlation,P(Y | X),4180,19358,False,0,0,0,1,0,no,yes,yes,yes
qwen3_0_6b,Qwen3-0.6B,main,main,nl_var_graph,smoking_frontdoor,correlation,P(Y | X),4182,9021,False,0,0,0,1,0,no,yes,yes,yes
qwen3_0_6b,Qwen3-0.6B,main,main,nl_var_graph,smoking_frontdoor,correlation,P(Y | X),4182,9043,False,0,0,0,1,0,no,yes,yes,yes
qwen3_0_6b,Qwen3-0.6B,main,main,nl_var_graph,smoking_frontdoor,correlation,P(Y | X),4182,19358,False,0,0,0,1,0,no,yes,yes,yes
qwen3_0_6b,Qwen3-0.6B,main,main,nl_var_graph,smoking_frontdoor,marginal,P(Y),9037,4197,False,0,0,0,1,0,no,yes,yes,yes
qwen3_0_6b,Qwen3-0.6B,main,main,nl_var_graph,smoking_frontdoor,marginal,P(Y),9037,9049,False,0,0,0,1,0,no,yes,yes,yes
qwen3_0_6b,Qwen3-0.6B,main,main,nl_var_graph,smoking_frontdoor,marginal,P(Y),9037,14610,False,0,0,0,1,0,no,yes,yes,yes
qwen3_0_6b,Qwen3-0.6B,main,main,nl_var_graph,smoking_frontdoor,nie,"E[Y_{X=0, V3=1} - Y_{X=0, V3=0}]",14653,8954,False,0,0,0,1,0,no,yes,yes,yes
qwen3_0_6b,Qwen3-0.6B,main,main,nl_var_graph,smoking_frontdoor,nie,"E[Y_{X=0, V3=1} - Y_{X=0, V3=0}]",14653,14696,False,0,0,0,1,0,no,yes,yes,yes
qwen3_0_6b,Qwen3-0.6B,main,main,nl_var_graph,smoking_frontdoor,nie,"E[Y_{X=0, V3=1} - Y_{X=0, V3=0}]",14653,19351,False,0,0,0,1,0,no,yes,yes,yes
qwen3_0_6b,Qwen3-0.6B,main,main,nl_var_graph,smoking_frontdoor,nie,"E[Y_{X=0, V3=1} - Y_{X=0, V3=0}]",14653,19364,False,0,0,0,1,0,no,yes,yes,yes
qwen3_0_6b,Qwen3-0.6B,main,main,nl_var_graph,smoking_frontdoor,nie,"E[Y_{X=0, V3=1} - Y_{X=0, V3=0}]",14690,8954,False,0,0,0,1,0,no,yes,yes,yes
qwen3_0_6b,Qwen3-0.6B,main,main,nl_var_graph,smoking_frontdoor,nie,"E[Y_{X=0, V3=1} - Y_{X=0, V3=0}]",14690,14696,False,0,0,0,1,0,no,yes,yes,yes
qwen3_0_6b,Qwen3-0.6B,main,main,nl_var_graph,smoking_frontdoor,nie,"E[Y_{X=0, V3=1} - Y_{X=0, V3=0}]",14690,19351,False,0,0,0,1,0,no,yes,yes,yes
qwen3_0_6b,Qwen3-0.6B,main,main,nl_var_graph,smoking_frontdoor,nie,"E[Y_{X=0, V3=1} - Y_{X=0, V3=0}]",14690,19364,False,0,0,0,1,0,no,yes,yes,yes
qwen3_0_6b,Qwen3-0.6B,main,main,nl_var_graph,smoking_gene_cancer,ate,E[Y | do(X = 1)] - E[Y | do(X = 0)],14755,9081,False,0,0,0,1,0,no,yes,yes,yes
qwen3_0_6b,Qwen3-0.6B,main,main,nl_var_graph,smoking_gene_cancer,ett,E[Y_{X = 1} - Y_{X = 0} | X = 1],19501,4460,False,0,0,0,1,0,no,yes,yes,yes
qwen3_0_6b,Qwen3-0.6B,main,main,nl_var_graph,smoking_gene_cancer,ett,E[Y_{X = 1} - Y_{X = 0} | X = 1],19501,14742,False,0,0,0,1,0,no,yes,yes,yes
qwen3_0_6b,Qwen3-0.6B,main,main,nl_var_graph,smoking_gene_cancer,nde,"E[Y_{X=1, V3=0} - Y_{X=0, V3=0}]",9092,14708,False,0,0,0,1,0,no,yes,yes,yes
qwen3_0_6b,Qwen3-0.6B,main,main,nl_var_graph,smoking_gene_cancer,nde,"E[Y_{X=1, V3=0} - Y_{X=0, V3=0}]",19446,14708,False,0,0,0,1,0,no,yes,yes,yes
qwen3_0_6b,Qwen3-0.6B,main,main,nl_var_graph,smoking_gene_cancer,nie,"E[Y_{X=0, V3=1} - Y_{X=0, V3=0}]",19445,9118,False,0,0,0,1,0,no,yes,yes,yes
qwen3_0_6b,Qwen3-0.6B,main,main,nl_var_graph,smoking_gene_cancer,nie,"E[Y_{X=0, V3=1} - Y_{X=0, V3=0}]",19445,14743,False,0,0,0,1,0,no,yes,yes,yes
qwen3_0_6b,Qwen3-0.6B,main,main,nl_var_graph,smoking_gene_cancer,nie,"E[Y_{X=0, V3=1} - Y_{X=0, V3=0}]",19445,14837,False,0,0,0,1,0,no,yes,yes,yes
qwen3_0_6b,Qwen3-0.6B,main,main,nl_var_graph,smoking_tar_cancer,ate,E[Y | do(X = 1)] - E[Y | do(X = 0)],4501,19612,False,0,0,0,1,0,no,yes,yes,yes
qwen3_0_6b,Qwen3-0.6B,main,main,nl_var_graph,smoking_tar_cancer,ate,E[Y | do(X = 1)] - E[Y | do(X = 0)],14969,19612,False,0,0,0,1,0,no,yes,yes,yes
qwen3_0_6b,Qwen3-0.6B,main,main,nl_var_graph,smoking_tar_cancer,nie,"E[Y_{X=0, V2=1} - Y_{X=0, V2=0}]",4502,14940,False,0,0,0,1,0,no,yes,yes,yes
qwen3_0_6b,Qwen3-0.6B,main,main,nl_var_graph,smoking_tar_cancer,nie,"E[Y_{X=0, V2=1} - Y_{X=0, V2=0}]",4525,14940,False,0,0,0,1,0,no,yes,yes,yes
qwen3_0_6b,Qwen3-0.6B,main,main,nl_var_graph,smoking_tar_cancer,nie,"E[Y_{X=0, V2=1} - Y_{X=0, V2=0}]",9245,14940,False,0,0,0,1,0,no,yes,yes,yes
qwen3_0_6b,Qwen3-0.6B,main,main,nl_var_graph,tax_smoke_birthWeight,ate,E[Y | do(X = 1)] - E[Y | do(X = 0)],4665,4636,False,0,0,0,1,0,no,yes,yes,yes
qwen3_0_6b,Qwen3-0.6B,main,main,nl_var_graph,tax_smoke_birthWeight,ate,E[Y | do(X = 1)] - E[Y | do(X = 0)],4665,9404,False,0,0,0,1,0,no,yes,yes,yes
qwen3_0_6b,Qwen3-0.6B,main,main,nl_var_graph,tax_smoke_birthWeight,ate,E[Y | do(X = 1)] - E[Y | do(X = 0)],4665,9422,False,0,0,0,1,0,no,yes,yes,yes
qwen3_0_6b,Qwen3-0.6B,main,main,nl_var_graph,tax_smoke_birthWeight,ate,E[Y | do(X = 1)] - E[Y | do(X = 0)],9336,4636,False,0,0,0,1,0,no,yes,yes,yes
qwen3_0_6b,Qwen3-0.6B,main,main,nl_var_graph,tax_smoke_birthWeight,ate,E[Y | do(X = 1)] - E[Y | do(X = 0)],9336,9404,False,0,0,0,1,0,no,yes,yes,yes
qwen3_0_6b,Qwen3-0.6B,main,main,nl_var_graph,tax_smoke_birthWeight,ate,E[Y | do(X = 1)] - E[Y | do(X = 0)],9336,9422,False,0,0,0,1,0,no,yes,yes,yes
qwen3_0_6b,Qwen3-0.6B,main,main,nl_var_graph,tax_smoke_birthWeight,ate,E[Y | do(X = 1)] - E[Y | do(X = 0)],19806,4636,False,0,0,0,1,0,no,yes,yes,yes
qwen3_0_6b,Qwen3-0.6B,main,main,nl_var_graph,tax_smoke_birthWeight,ate,E[Y | do(X = 1)] - E[Y | do(X = 0)],19806,9404,False,0,0,0,1,0,no,yes,yes,yes
qwen3_0_6b,Qwen3-0.6B,main,main,nl_var_graph,tax_smoke_birthWeight,ate,E[Y | do(X = 1)] - E[Y | do(X = 0)],19806,9422,False,0,0,0,1,0,no,yes,yes,yes
qwen3_0_6b,Qwen3-0.6B,main,main,nl_var_graph,tax_smoke_birthWeight,backadj,[backdoor adjustment set for Y given X],9392,4657,False,0,0,0,1,0,no,yes,yes,yes
qwen3_0_6b,Qwen3-0.6B,main,main,nl_var_graph,tax_smoke_birthWeight,backadj,[backdoor adjustment set for Y given X],9392,9345,False,0,0,0,1,0,no,yes,yes,yes
qwen3_0_6b,Qwen3-0.6B,main,main,nl_var_graph,tax_smoke_birthWeight,backadj,[backdoor adjustment set for Y given X],9392,15076,False,0,0,0,1,0,no,yes,yes,yes
qwen3_0_6b,Qwen3-0.6B,main,main,nl_var_graph,tax_smoke_birthWeight,marginal,P(Y),15100,4655,False,0,0,0,1,0,no,yes,yes,yes
qwen3_0_6b,Qwen3-0.6B,main,main,nl_var_graph,tax_smoke_birthWeight,marginal,P(Y),15100,9407,False,0,0,0,1,0,no,yes,yes,yes
qwen3_0_6b,Qwen3-0.6B,main,main,nl_var_graph,vaccine_kills,ate,E[Y | do(X = 1)] - E[Y | do(X = 0)],16381,1244,False,0,0,0,1,0,no,yes,yes,yes
qwen3_0_6b,Qwen3-0.6B,main,main,nl_var_graph,vaccine_kills,ate,E[Y | do(X = 1)] - E[Y | do(X = 0)],16381,11590,False,0,0,0,1,0,no,yes,yes,yes
qwen3_0_6b,Qwen3-0.6B,main,main,nl_var_graph,vaccine_kills,ate,E[Y | do(X = 1)] - E[Y | do(X = 0)],16416,1244,False,0,0,0,1,0,no,yes,yes,yes
qwen3_0_6b,Qwen3-0.6B,main,main,nl_var_graph,vaccine_kills,ate,E[Y | do(X = 1)] - E[Y | do(X = 0)],16416,11590,False,0,0,0,1,0,no,yes,yes,yes
qwen3_0_6b,Qwen3-0.6B,main,main,nl_var_graph,vaccine_kills,backadj,[backdoor adjustment set for Y given X],11602,16366,False,0,0,0,1,0,no,yes,yes,yes
qwen3_0_6b,Qwen3-0.6B,main,main,nl_var_graph,vaccine_kills,backadj,[backdoor adjustment set for Y given X],11611,16366,False,0,0,0,1,0,no,yes,yes,yes
qwen3_0_6b,Qwen3-0.6B,main,main,nl_var_graph,vaccine_kills,backadj,[backdoor adjustment set for Y given X],11664,16366,False,0,0,0,1,0,no,yes,yes,yes
qwen3_0_6b,Qwen3-0.6B,main,main,nl_var_graph,vaccine_kills,correlation,P(Y | X),6018,1266,False,0,0,0,1,0,no,yes,yes,yes
qwen3_0_6b,Qwen3-0.6B,main,main,nl_var_graph,vaccine_kills,correlation,P(Y | X),6018,11671,False,0,0,0,1,0,no,yes,yes,yes
qwen3_0_6b,Qwen3-0.6B,main,main,nl_var_graph,vaccine_kills,correlation,P(Y | X),11630,1266,False,0,0,0,1,0,no,yes,yes,yes
qwen3_0_6b,Qwen3-0.6B,main,main,nl_var_graph,vaccine_kills,correlation,P(Y | X),11630,11671,False,0,0,0,1,0,no,yes,yes,yes
qwen3_0_6b,Qwen3-0.6B,main,main,nl_var_graph,vaccine_kills,nie,"E[Y_{X=0, V2=1, V3=1} - Y_{X=0, V2=0, V3=0}]",1216,16485,False,0,0,0,1,0,no,yes,yes,yes
qwen3_0_6b,Qwen3-0.6B,main,main,nl_var_graph,water_cholera,ate,E[Y | do(X = 1)] - E[Y | do(X = 0)],15133,4736,False,0,0,0,1,0,no,yes,yes,yes
qwen3_0_6b,Qwen3-0.6B,main,main,nl_var_graph,water_cholera,ate,E[Y | do(X = 1)] - E[Y | do(X = 0)],15133,15160,False,0,0,0,1,0,no,yes,yes,yes
qwen3_0_6b,Qwen3-0.6B,main,main,nl_var_graph,water_cholera,ate,E[Y | do(X = 1)] - E[Y | do(X = 0)],15133,15182,False,0,0,0,1,0,no,yes,yes,yes
qwen3_0_6b,Qwen3-0.6B,main,main,nl_var_graph,water_cholera,correlation,P(Y | X),4782,9468,False,0,0,0,1,0,no,yes,yes,yes
qwen3_0_6b,Qwen3-0.6B,main,main,nl_var_graph,water_cholera,marginal,P(Y),9426,15129,False,0,0,0,1,0,no,yes,yes,yes
qwen3_0_6b,Qwen3-0.6B,main,main,nl_var_query,alarm,correlation,P(Y | X),15239,10457,False,0,0,0,1,0,no,yes,yes,yes
qwen3_0_6b,Qwen3-0.6B,main,main,nl_var_query,alarm,correlation,P(Y | X),15239,15293,False,0,0,0,1,0,no,yes,yes,yes
qwen3_0_6b,Qwen3-0.6B,main,main,nl_var_query,alarm,correlation,P(Y | X),15313,10457,False,0,0,0,1,0,no,yes,yes,yes
qwen3_0_6b,Qwen3-0.6B,main,main,nl_var_query,alarm,correlation,P(Y | X),15313,15293,False,0,0,0,1,0,no,yes,yes,yes
qwen3_0_6b,Qwen3-0.6B,main,main,nl_var_query,alarm,nde,"E[Y_{X=1, V2=0} - Y_{X=0, V2=0}]",119,88,False,0,0,0,1,0,no,yes,yes,yes
qwen3_0_6b,Qwen3-0.6B,main,main,nl_var_query,alarm,nde,"E[Y_{X=1, V2=0} - Y_{X=0, V2=0}]",119,4835,False,0,0,0,1,0,no,yes,yes,yes
qwen3_0_6b,Qwen3-0.6B,main,main,nl_var_query,alarm,nde,"E[Y_{X=1, V2=0} - Y_{X=0, V2=0}]",10462,88,False,0,0,0,1,0,no,yes,yes,yes
qwen3_0_6b,Qwen3-0.6B,main,main,nl_var_query,alarm,nde,"E[Y_{X=1, V2=0} - Y_{X=0, V2=0}]",10462,4835,False,0,0,0,1,0,no,yes,yes,yes
qwen3_0_6b,Qwen3-0.6B,main,main,nl_var_query,alarm,nde,"E[Y_{X=1, V2=0} - Y_{X=0, V2=0}]",15204,88,False,0,0,0,1,0,no,yes,yes,yes
qwen3_0_6b,Qwen3-0.6B,main,main,nl_var_query,alarm,nde,"E[Y_{X=1, V2=0} - Y_{X=0, V2=0}]",15204,4835,False,0,0,0,1,0,no,yes,yes,yes
qwen3_0_6b,Qwen3-0.6B,main,main,nl_var_query,alarm,nde,"E[Y_{X=1, V2=0} - Y_{X=0, V2=0}]",15258,88,False,0,0,0,1,0,no,yes,yes,yes
qwen3_0_6b,Qwen3-0.6B,main,main,nl_var_query,alarm,nde,"E[Y_{X=1, V2=0} - Y_{X=0, V2=0}]",15258,4835,False,0,0,0,1,0,no,yes,yes,yes
qwen3_0_6b,Qwen3-0.6B,main,main,nl_var_query,alarm,nie,"E[Y_{X=0, V2=1} - Y_{X=0, V2=0}]",10465,10414,False,0,0,0,1,0,no,yes,yes,yes
qwen3_0_6b,Qwen3-0.6B,main,main,nl_var_query,blood_pressure,backadj,[backdoor adjustment set for Y given X],11741,1326,False,0,0,0,1,0,no,yes,yes,yes
qwen3_0_6b,Qwen3-0.6B,main,main,nl_var_query,blood_pressure,correlation,P(Y | X),1421,6121,False,0,0,0,1,0,no,yes,yes,yes
qwen3_0_6b,Qwen3-0.6B,main,main,nl_var_query,blood_pressure,correlation,P(Y | X),1421,6206,False,0,0,0,1,0,no,yes,yes,yes
qwen3_0_6b,Qwen3-0.6B,main,main,nl_var_query,blood_pressure,marginal,P(Y),11759,6192,False,0,0,0,1,0,no,yes,yes,yes
qwen3_0_6b,Qwen3-0.6B,main,main,nl_var_query,blood_pressure,nde,"E[Y_{X=1, V2=0} - Y_{X=0, V2=0}]",1460,11745,False,0,0,0,1,0,no,yes,yes,yes
qwen3_0_6b,Qwen3-0.6B,main,main,nl_var_query,blood_pressure,nde,"E[Y_{X=1, V2=0} - Y_{X=0, V2=0}]",16591,11745,False,0,0,0,1,0,no,yes,yes,yes
qwen3_0_6b,Qwen3-0.6B,main,main,nl_var_query,candle,ate,E[Y | do(X = 1)] - E[Y | do(X = 0)],166,4986,False,0,0,0,1,0,no,yes,yes,yes
qwen3_0_6b,Qwen3-0.6B,main,main,nl_var_query,candle,ett,E[Y_{X = 1} - Y_{X = 0} | X = 1],5074,10599,False,0,0,0,1,0,no,yes,yes,yes
qwen3_0_6b,Qwen3-0.6B,main,main,nl_var_query,celebrity,backadj,[backdoor adjustment set for Y given X],16696,16732,False,0,0,0,1,0,no,yes,yes,yes
qwen3_0_6b,Qwen3-0.6B,main,main,nl_var_query,cholesterol,ate,E[Y | do(X = 1)] - E[Y | do(X = 0)],1668,12055,False,0,0,0,1,0,no,yes,yes,yes
qwen3_0_6b,Qwen3-0.6B,main,main,nl_var_query,cholesterol,ate,E[Y | do(X = 1)] - E[Y | do(X = 0)],16780,12055,False,0,0,0,1,0,no,yes,yes,yes
qwen3_0_6b,Qwen3-0.6B,main,main,nl_var_query,cholesterol,correlation,P(Y | X),12053,6428,False,0,0,0,1,0,no,yes,yes,yes
qwen3_0_6b,Qwen3-0.6B,main,main,nl_var_query,cholesterol,correlation,P(Y | X),12053,16751,False,0,0,0,1,0,no,yes,yes,yes
qwen3_0_6b,Qwen3-0.6B,main,main,nl_var_query,cholesterol,correlation,P(Y | X),16750,6428,False,0,0,0,1,0,no,yes,yes,yes
qwen3_0_6b,Qwen3-0.6B,main,main,nl_var_query,cholesterol,correlation,P(Y | X),16750,16751,False,0,0,0,1,0,no,yes,yes,yes
qwen3_0_6b,Qwen3-0.6B,main,main,nl_var_query,cholesterol,marginal,P(Y),11987,11990,False,0,0,0,1,0,no,yes,yes,yes
qwen3_0_6b,Qwen3-0.6B,main,main,nl_var_query,college_salary,ate,E[Y | do(X = 1)] - E[Y | do(X = 0)],1676,1693,False,0,0,0,1,0,no,yes,yes,yes
qwen3_0_6b,Qwen3-0.6B,main,main,nl_var_query,college_salary,marginal,P(Y),1685,12104,False,0,0,0,1,0,no,yes,yes,yes
qwen3_0_6b,Qwen3-0.6B,main,main,nl_var_query,college_salary,marginal,P(Y),6478,12104,False,0,0,0,1,0,no,yes,yes,yes
qwen3_0_6b,Qwen3-0.6B,main,main,nl_var_query,college_salary,marginal,P(Y),6488,12104,False,0,0,0,1,0,no,yes,yes,yes
qwen3_0_6b,Qwen3-0.6B,main,main,nl_var_query,college_salary,marginal,P(Y),6538,12104,False,0,0,0,1,0,no,yes,yes,yes
qwen3_0_6b,Qwen3-0.6B,main,main,nl_var_query,college_salary,marginal,P(Y),12077,12104,False,0,0,0,1,0,no,yes,yes,yes
qwen3_0_6b,Qwen3-0.6B,main,main,nl_var_query,college_wage,ate,E[Y | do(X = 1)] - E[Y | do(X = 0)],6638,17002,False,0,0,0,1,0,no,yes,yes,yes
qwen3_0_6b,Qwen3-0.6B,main,main,nl_var_query,college_wage,ate,E[Y | do(X = 1)] - E[Y | do(X = 0)],17023,17002,False,0,0,0,1,0,no,yes,yes,yes
qwen3_0_6b,Qwen3-0.6B,main,main,nl_var_query,college_wage,backadj,[backdoor adjustment set for Y given X],6591,12208,False,0,0,0,1,0,no,yes,yes,yes
qwen3_0_6b,Qwen3-0.6B,main,main,nl_var_query,college_wage,backadj,[backdoor adjustment set for Y given X],6624,12208,False,0,0,0,1,0,no,yes,yes,yes
qwen3_0_6b,Qwen3-0.6B,main,main,nl_var_query,college_wage,backadj,[backdoor adjustment set for Y given X],12218,12208,False,0,0,0,1,0,no,yes,yes,yes
qwen3_0_6b,Qwen3-0.6B,main,main,nl_var_query,college_wage,backadj,[backdoor adjustment set for Y given X],12260,12208,False,0,0,0,1,0,no,yes,yes,yes
qwen3_0_6b,Qwen3-0.6B,main,main,nl_var_query,college_wage,correlation,P(Y | X),12264,12258,False,0,0,0,1,0,no,yes,yes,yes
qwen3_0_6b,Qwen3-0.6B,main,main,nl_var_query,college_wage,correlation,P(Y | X),16988,12258,False,0,0,0,1,0,no,yes,yes,yes
qwen3_0_6b,Qwen3-0.6B,main,main,nl_var_query,college_wage,marginal,P(Y),1849,17041,False,0,0,0,1,0,no,yes,yes,yes
qwen3_0_6b,Qwen3-0.6B,main,main,nl_var_query,college_wage,marginal,P(Y),6615,17041,False,0,0,0,1,0,no,yes,yes,yes
qwen3_0_6b,Qwen3-0.6B,main,main,nl_var_query,encouagement_program,correlation,P(Y | X),2068,12481,False,0,0,0,1,0,no,yes,yes,yes
qwen3_0_6b,Qwen3-0.6B,main,main,nl_var_query,encouagement_program,nde,"E[Y_{X=1, V2=0} - Y_{X=0, V2=0}]",1989,12452,False,0,0,0,1,0,no,yes,yes,yes
qwen3_0_6b,Qwen3-0.6B,main,main,nl_var_query,firing_employee,ate,E[Y | do(X = 1)] - E[Y | do(X = 0)],5128,5144,False,0,0,0,1,0,no,yes,yes,yes
qwen3_0_6b,Qwen3-0.6B,main,main,nl_var_query,firing_employee,ate,E[Y | do(X = 1)] - E[Y | do(X = 0)],5128,10731,False,0,0,0,1,0,no,yes,yes,yes
qwen3_0_6b,Qwen3-0.6B,main,main,nl_var_query,firing_employee,backadj,[backdoor adjustment set for Y given X],5108,10750,False,0,0,0,1,0,no,yes,yes,yes
qwen3_0_6b,Qwen3-0.6B,main,main,nl_var_query,firing_employee,backadj,[backdoor adjustment set for Y given X],15538,10750,False,0,0,0,1,0,no,yes,yes,yes
qwen3_0_6b,Qwen3-0.6B,main,main,nl_var_query,firing_employee,correlation,P(Y | X),15559,371,False,0,0,0,1,0,no,yes,yes,yes
qwen3_0_6b,Qwen3-0.6B,main,main,nl_var_query,firing_employee,correlation,P(Y | X),15559,5100,False,0,0,0,1,0,no,yes,yes,yes
qwen3_0_6b,Qwen3-0.6B,main,main,nl_var_query,firing_squad,ate,E[Y | do(X = 1)] - E[Y | do(X = 0)],5314,10782,False,0,0,0,1,0,no,yes,yes,yes
qwen3_0_6b,Qwen3-0.6B,main,main,nl_var_query,firing_squad,ate,E[Y | do(X = 1)] - E[Y | do(X = 0)],5314,15587,False,0,0,0,1,0,no,yes,yes,yes
qwen3_0_6b,Qwen3-0.6B,main,main,nl_var_query,firing_squad,ate,E[Y | do(X = 1)] - E[Y | do(X = 0)],5314,15623,False,0,0,0,1,0,no,yes,yes,yes
qwen3_0_6b,Qwen3-0.6B,main,main,nl_var_query,firing_squad,correlation,P(Y | X),5230,10872,False,0,0,0,1,0,no,yes,yes,yes
qwen3_0_6b,Qwen3-0.6B,main,main,nl_var_query,firing_squad,correlation,P(Y | X),15607,10872,False,0,0,0,1,0,no,yes,yes,yes
qwen3_0_6b,Qwen3-0.6B,main,main,nl_var_query,firing_squad,marginal,P(Y),10861,15599,False,0,0,0,1,0,no,yes,yes,yes
qwen3_0_6b,Qwen3-0.6B,main,main,nl_var_query,firing_squad,nie,"E[Y_{X=0, V2=1, V3=1} - Y_{X=0, V2=0, V3=0}]",15625,10833,False,0,0,0,1,0,no,yes,yes,yes
qwen3_0_6b,Qwen3-0.6B,main,main,nl_var_query,floor_wet,ett,E[Y_{X = 1} - Y_{X = 0} | X = 1],5400,11007,False,0,0,0,1,0,no,yes,yes,yes
qwen3_0_6b,Qwen3-0.6B,main,main,nl_var_query,floor_wet,ett,E[Y_{X = 1} - Y_{X = 0} | X = 1],15718,11007,False,0,0,0,1,0,no,yes,yes,yes
qwen3_0_6b,Qwen3-0.6B,main,main,nl_var_query,floor_wet,marginal,P(Y),571,628,False,0,0,0,1,0,no,yes,yes,yes
qwen3_0_6b,Qwen3-0.6B,main,main,nl_var_query,floor_wet,marginal,P(Y),15740,628,False,0,0,0,1,0,no,yes,yes,yes
qwen3_0_6b,Qwen3-0.6B,main,main,nl_var_query,floor_wet,nie,"E[Y_{X=0, V2=1, V3=1} - Y_{X=0, V2=0, V3=0}]",11008,15817,False,0,0,0,1,0,no,yes,yes,yes
qwen3_0_6b,Qwen3-0.6B,main,main,nl_var_query,floor_wet,nie,"E[Y_{X=0, V2=1, V3=1} - Y_{X=0, V2=0, V3=0}]",15776,15817,False,0,0,0,1,0,no,yes,yes,yes
qwen3_0_6b,Qwen3-0.6B,main,main,nl_var_query,gender_admission,correlation,P(Y | X),7040,17471,False,0,0,0,1,0,no,yes,yes,yes
qwen3_0_6b,Qwen3-0.6B,main,main,nl_var_query,gender_admission,correlation,P(Y | X),7067,17471,False,0,0,0,1,0,no,yes,yes,yes
qwen3_0_6b,Qwen3-0.6B,main,main,nl_var_query,gender_admission,nde,"E[Y_{X=1, V2=0} - Y_{X=0, V2=0}]",6980,12687,False,0,0,0,1,0,no,yes,yes,yes
qwen3_0_6b,Qwen3-0.6B,main,main,nl_var_query,gender_admission,nde,"E[Y_{X=1, V2=0} - Y_{X=0, V2=0}]",6980,17363,False,0,0,0,1,0,no,yes,yes,yes
qwen3_0_6b,Qwen3-0.6B,main,main,nl_var_query,gender_admission_state,correlation,P(Y | X),2434,7169,False,0,0,0,1,0,no,yes,yes,yes
qwen3_0_6b,Qwen3-0.6B,main,main,nl_var_query,gender_admission_state,correlation,P(Y | X),17611,7169,False,0,0,0,1,0,no,yes,yes,yes
qwen3_0_6b,Qwen3-0.6B,main,main,nl_var_query,gender_admission_state,marginal,P(Y),12755,17628,False,0,0,0,1,0,no,yes,yes,yes
qwen3_0_6b,Qwen3-0.6B,main,main,nl_var_query,gender_admission_state,nde,"E[Y_{X=1, V3=0} - Y_{X=0, V3=0}]",2414,17521,False,0,0,0,1,0,no,yes,yes,yes
qwen3_0_6b,Qwen3-0.6B,main,main,nl_var_query,gender_admission_state,nde,"E[Y_{X=1, V3=0} - Y_{X=0, V3=0}]",2437,17521,False,0,0,0,1,0,no,yes,yes,yes
qwen3_0_6b,Qwen3-0.6B,main,main,nl_var_query,gender_admission_state,nde,"E[Y_{X=1, V3=0} - Y_{X=0, V3=0}]",17505,17521,False,0,0,0,1,0,no,yes,yes,yes
qwen3_0_6b,Qwen3-0.6B,main,main,nl_var_query,gender_admission_state,nie,"E[Y_{X=0, V3=1} - Y_{X=0, V3=0}]",12771,12798,False,0,0,0,1,0,no,yes,yes,yes
qwen3_0_6b,Qwen3-0.6B,main,main,nl_var_query,gender_pay,nde,"E[Y_{X=1, V3=0} - Y_{X=0, V3=0}]",12946,7386,False,0,0,0,1,0,no,yes,yes,yes
qwen3_0_6b,Qwen3-0.6B,main,main,nl_var_query,gender_pay,nde,"E[Y_{X=1, V3=0} - Y_{X=0, V3=0}]",12946,12857,False,0,0,0,1,0,no,yes,yes,yes
qwen3_0_6b,Qwen3-0.6B,main,main,nl_var_query,gender_pay,nde,"E[Y_{X=1, V3=0} - Y_{X=0, V3=0}]",12946,17656,False,0,0,0,1,0,no,yes,yes,yes
qwen3_0_6b,Qwen3-0.6B,main,main,nl_var_query,hospitalization,backadj,[backdoor adjustment set for Y given X],2664,2668,False,0,0,0,1,0,no,yes,yes,yes
qwen3_0_6b,Qwen3-0.6B,main,main,nl_var_query,hospitalization,backadj,[backdoor adjustment set for Y given X],2664,2693,False,0,0,0,1,0,no,yes,yes,yes
qwen3_0_6b,Qwen3-0.6B,main,main,nl_var_query,hospitalization,backadj,[backdoor adjustment set for Y given X],7496,2668,False,0,0,0,1,0,no,yes,yes,yes
qwen3_0_6b,Qwen3-0.6B,main,main,nl_var_query,hospitalization,backadj,[backdoor adjustment set for Y given X],7496,2693,False,0,0,0,1,0,no,yes,yes,yes
qwen3_0_6b,Qwen3-0.6B,main,main,nl_var_query,man_in_relationship,backadj,[backdoor adjustment set for Y given X],13169,7551,False,0,0,0,1,0,no,yes,yes,yes
qwen3_0_6b,Qwen3-0.6B,main,main,nl_var_query,nature_vs_nurture,nde,"E[Y_{X=1, V3=0} - Y_{X=0, V3=0}]",2887,7610,False,0,0,0,1,0,no,yes,yes,yes
qwen3_0_6b,Qwen3-0.6B,main,main,nl_var_query,nature_vs_nurture,nde,"E[Y_{X=1, V3=0} - Y_{X=0, V3=0}]",7730,7610,False,0,0,0,1,0,no,yes,yes,yes
qwen3_0_6b,Qwen3-0.6B,main,main,nl_var_query,nature_vs_nurture,nde,"E[Y_{X=1, V3=0} - Y_{X=0, V3=0}]",13225,7610,False,0,0,0,1,0,no,yes,yes,yes
qwen3_0_6b,Qwen3-0.6B,main,main,nl_var_query,nature_vs_nurture,nie,"E[Y_{X=0, V3=1} - Y_{X=0, V3=0}]",2924,18043,False,0,0,0,1,0,no,yes,yes,yes
qwen3_0_6b,Qwen3-0.6B,main,main,nl_var_query,neg_mediation,backadj,[backdoor adjustment set for Y given X],2988,7788,False,0,0,0,1,0,no,yes,yes,yes
qwen3_0_6b,Qwen3-0.6B,main,main,nl_var_query,neg_mediation,backadj,[backdoor adjustment set for Y given X],2988,18184,False,0,0,0,1,0,no,yes,yes,yes
qwen3_0_6b,Qwen3-0.6B,main,main,nl_var_query,neg_mediation,nde,"E[Y_{X=1, V2=0} - Y_{X=0, V2=0}]",3122,3064,False,0,0,0,1,0,no,yes,yes,yes
qwen3_0_6b,Qwen3-0.6B,main,main,nl_var_query,neg_mediation,nde,"E[Y_{X=1, V2=0} - Y_{X=0, V2=0}]",3122,13379,False,0,0,0,1,0,no,yes,yes,yes
qwen3_0_6b,Qwen3-0.6B,main,main,nl_var_query,neg_mediation,nde,"E[Y_{X=1, V2=0} - Y_{X=0, V2=0}]",3122,18236,False,0,0,0,1,0,no,yes,yes,yes
qwen3_0_6b,Qwen3-0.6B,main,main,nl_var_query,nonsense0,correlation,P(Y | X),21003,21032,False,0,0,0,1,0,no,yes,yes,yes
qwen3_0_6b,Qwen3-0.6B,main,main,nl_var_query,nonsense0,correlation,P(Y | X),21003,25368,False,0,0,0,1,0,no,yes,yes,yes
qwen3_0_6b,Qwen3-0.6B,main,main,nl_var_query,nonsense0,correlation,P(Y | X),21003,25530,False,0,0,0,1,0,no,yes,yes,yes
qwen3_0_6b,Qwen3-0.6B,main,main,nl_var_query,nonsense0,correlation,P(Y | X),21143,21032,False,0,0,0,1,0,no,yes,yes,yes
qwen3_0_6b,Qwen3-0.6B,main,main,nl_var_query,nonsense0,correlation,P(Y | X),21143,25368,False,0,0,0,1,0,no,yes,yes,yes
qwen3_0_6b,Qwen3-0.6B,main,main,nl_var_query,nonsense0,correlation,P(Y | X),21143,25530,False,0,0,0,1,0,no,yes,yes,yes
qwen3_0_6b,Qwen3-0.6B,main,main,nl_var_query,nonsense0,correlation,P(Y | X),21151,21032,False,0,0,0,1,0,no,yes,yes,yes
qwen3_0_6b,Qwen3-0.6B,main,main,nl_var_query,nonsense0,correlation,P(Y | X),21151,25368,False,0,0,0,1,0,no,yes,yes,yes
qwen3_0_6b,Qwen3-0.6B,main,main,nl_var_query,nonsense0,correlation,P(Y | X),21151,25530,False,0,0,0,1,0,no,yes,yes,yes
qwen3_0_6b,Qwen3-0.6B,main,main,nl_var_query,nonsense0,correlation,P(Y | X),21189,21032,False,0,0,0,1,0,no,yes,yes,yes
qwen3_0_6b,Qwen3-0.6B,main,main,nl_var_query,nonsense0,correlation,P(Y | X),21189,25368,False,0,0,0,1,0,no,yes,yes,yes
qwen3_0_6b,Qwen3-0.6B,main,main,nl_var_query,nonsense0,correlation,P(Y | X),21189,25530,False,0,0,0,1,0,no,yes,yes,yes
qwen3_0_6b,Qwen3-0.6B,main,main,nl_var_query,nonsense0,correlation,P(Y | X),25498,21032,False,0,0,0,1,0,no,yes,yes,yes
qwen3_0_6b,Qwen3-0.6B,main,main,nl_var_query,nonsense0,correlation,P(Y | X),25498,25368,False,0,0,0,1,0,no,yes,yes,yes
qwen3_0_6b,Qwen3-0.6B,main,main,nl_var_query,nonsense0,correlation,P(Y | X),25498,25530,False,0,0,0,1,0,no,yes,yes,yes
qwen3_0_6b,Qwen3-0.6B,main,main,nl_var_query,nonsense0,det-counterfactual,Y_{X=0} = 1 | V1=1,29612,29633,False,0,0,0,1,0,no,yes,yes,yes
qwen3_0_6b,Qwen3-0.6B,main,main,nl_var_query,nonsense0,ett,E[Y_{X = 1} - Y_{X = 0} | X = 1],21192,21006,False,0,0,0,1,0,no,yes,yes,yes
qwen3_0_6b,Qwen3-0.6B,main,main,nl_var_query,nonsense0,marginal,P(Y),20836,21002,False,0,0,0,1,0,no,yes,yes,yes
qwen3_0_6b,Qwen3-0.6B,main,main,nl_var_query,nonsense0,marginal,P(Y),20836,21136,False,0,0,0,1,0,no,yes,yes,yes
qwen3_0_6b,Qwen3-0.6B,main,main,nl_var_query,nonsense0,marginal,P(Y),20836,25467,False,0,0,0,1,0,no,yes,yes,yes
qwen3_0_6b,Qwen3-0.6B,main,main,nl_var_query,nonsense0,marginal,P(Y),20836,25505,False,0,0,0,1,0,no,yes,yes,yes
qwen3_0_6b,Qwen3-0.6B,main,main,nl_var_query,nonsense0,marginal,P(Y),21175,21002,False,0,0,0,1,0,no,yes,yes,yes
qwen3_0_6b,Qwen3-0.6B,main,main,nl_var_query,nonsense0,marginal,P(Y),21175,21136,False,0,0,0,1,0,no,yes,yes,yes
qwen3_0_6b,Qwen3-0.6B,main,main,nl_var_query,nonsense0,marginal,P(Y),21175,25467,False,0,0,0,1,0,no,yes,yes,yes
qwen3_0_6b,Qwen3-0.6B,main,main,nl_var_query,nonsense0,marginal,P(Y),21175,25505,False,0,0,0,1,0,no,yes,yes,yes
qwen3_0_6b,Qwen3-0.6B,main,main,nl_var_query,nonsense0,marginal,P(Y),25218,21002,False,0,0,0,1,0,no,yes,yes,yes
qwen3_0_6b,Qwen3-0.6B,main,main,nl_var_query,nonsense0,marginal,P(Y),25218,21136,False,0,0,0,1,0,no,yes,yes,yes
qwen3_0_6b,Qwen3-0.6B,main,main,nl_var_query,nonsense0,marginal,P(Y),25218,25467,False,0,0,0,1,0,no,yes,yes,yes
qwen3_0_6b,Qwen3-0.6B,main,main,nl_var_query,nonsense0,marginal,P(Y),25218,25505,False,0,0,0,1,0,no,yes,yes,yes
qwen3_0_6b,Qwen3-0.6B,main,main,nl_var_query,nonsense0,marginal,P(Y),25432,21002,False,0,0,0,1,0,no,yes,yes,yes
qwen3_0_6b,Qwen3-0.6B,main,main,nl_var_query,nonsense0,marginal,P(Y),25432,21136,False,0,0,0,1,0,no,yes,yes,yes
qwen3_0_6b,Qwen3-0.6B,main,main,nl_var_query,nonsense0,marginal,P(Y),25432,25467,False,0,0,0,1,0,no,yes,yes,yes
qwen3_0_6b,Qwen3-0.6B,main,main,nl_var_query,nonsense0,marginal,P(Y),25432,25505,False,0,0,0,1,0,no,yes,yes,yes
qwen3_0_6b,Qwen3-0.6B,main,main,nl_var_query,nonsense1,ate,E[Y | do(X = 1)] - E[Y | do(X = 0)],21244,25637,False,0,0,0,1,0,no,yes,yes,yes
qwen3_0_6b,Qwen3-0.6B,main,main,nl_var_query,nonsense1,ate,E[Y | do(X = 1)] - E[Y | do(X = 0)],21666,25637,False,0,0,0,1,0,no,yes,yes,yes
qwen3_0_6b,Qwen3-0.6B,main,main,nl_var_query,nonsense1,ate,E[Y | do(X = 1)] - E[Y | do(X = 0)],21676,25637,False,0,0,0,1,0,no,yes,yes,yes
qwen3_0_6b,Qwen3-0.6B,main,main,nl_var_query,nonsense1,backadj,[backdoor adjustment set for Y given X],21259,25654,False,0,0,0,1,0,no,yes,yes,yes
qwen3_0_6b,Qwen3-0.6B,main,main,nl_var_query,nonsense1,backadj,[backdoor adjustment set for Y given X],21259,25809,False,0,0,0,1,0,no,yes,yes,yes
qwen3_0_6b,Qwen3-0.6B,main,main,nl_var_query,nonsense1,backadj,[backdoor adjustment set for Y given X],21442,25654,False,0,0,0,1,0,no,yes,yes,yes
qwen3_0_6b,Qwen3-0.6B,main,main,nl_var_query,nonsense1,backadj,[backdoor adjustment set for Y given X],21442,25809,False,0,0,0,1,0,no,yes,yes,yes
qwen3_0_6b,Qwen3-0.6B,main,main,nl_var_query,nonsense1,backadj,[backdoor adjustment set for Y given X],21607,25654,False,0,0,0,1,0,no,yes,yes,yes
qwen3_0_6b,Qwen3-0.6B,main,main,nl_var_query,nonsense1,backadj,[backdoor adjustment set for Y given X],21607,25809,False,0,0,0,1,0,no,yes,yes,yes
qwen3_0_6b,Qwen3-0.6B,main,main,nl_var_query,nonsense1,backadj,[backdoor adjustment set for Y given X],21638,25654,False,0,0,0,1,0,no,yes,yes,yes
qwen3_0_6b,Qwen3-0.6B,main,main,nl_var_query,nonsense1,backadj,[backdoor adjustment set for Y given X],21638,25809,False,0,0,0,1,0,no,yes,yes,yes
qwen3_0_6b,Qwen3-0.6B,main,main,nl_var_query,nonsense1,ett,E[Y_{X = 1} - Y_{X = 0} | X = 1],25994,25617,False,0,0,0,1,0,no,yes,yes,yes
qwen3_0_6b,Qwen3-0.6B,main,main,nl_var_query,nonsense1,ett,E[Y_{X = 1} - Y_{X = 0} | X = 1],25994,25797,False,0,0,0,1,0,no,yes,yes,yes
qwen3_0_6b,Qwen3-0.6B,main,main,nl_var_query,nonsense1,ett,E[Y_{X = 1} - Y_{X = 0} | X = 1],25994,25893,False,0,0,0,1,0,no,yes,yes,yes
qwen3_0_6b,Qwen3-0.6B,main,main,nl_var_query,nonsense1,ett,E[Y_{X = 1} - Y_{X = 0} | X = 1],25994,25966,False,0,0,0,1,0,no,yes,yes,yes
qwen3_0_6b,Qwen3-0.6B,main,main,nl_var_query,nonsense2,backadj,[backdoor adjustment set for Y given X],26079,26183,False,0,0,0,1,0,no,yes,yes,yes
qwen3_0_6b,Qwen3-0.6B,main,main,nl_var_query,nonsense2,backadj,[backdoor adjustment set for Y given X],26079,26362,False,0,0,0,1,0,no,yes,yes,yes
qwen3_0_6b,Qwen3-0.6B,main,main,nl_var_query,nonsense2,backadj,[backdoor adjustment set for Y given X],26121,26183,False,0,0,0,1,0,no,yes,yes,yes
qwen3_0_6b,Qwen3-0.6B,main,main,nl_var_query,nonsense2,backadj,[backdoor adjustment set for Y given X],26121,26362,False,0,0,0,1,0,no,yes,yes,yes
qwen3_0_6b,Qwen3-0.6B,main,main,nl_var_query,nonsense2,backadj,[backdoor adjustment set for Y given X],26284,26183,False,0,0,0,1,0,no,yes,yes,yes
qwen3_0_6b,Qwen3-0.6B,main,main,nl_var_query,nonsense2,backadj,[backdoor adjustment set for Y given X],26284,26362,False,0,0,0,1,0,no,yes,yes,yes
qwen3_0_6b,Qwen3-0.6B,main,main,nl_var_query,nonsense2,marginal,P(Y),21712,21901,False,0,0,0,1,0,no,yes,yes,yes
qwen3_0_6b,Qwen3-0.6B,main,main,nl_var_query,nonsense2,marginal,P(Y),21712,22112,False,0,0,0,1,0,no,yes,yes,yes
qwen3_0_6b,Qwen3-0.6B,main,main,nl_var_query,nonsense2,marginal,P(Y),21886,21901,False,0,0,0,1,0,no,yes,yes,yes
qwen3_0_6b,Qwen3-0.6B,main,main,nl_var_query,nonsense2,marginal,P(Y),21886,22112,False,0,0,0,1,0,no,yes,yes,yes
qwen3_0_6b,Qwen3-0.6B,main,main,nl_var_query,nonsense3,ate,E[Y | do(X = 1)] - E[Y | do(X = 0)],26729,22429,False,0,0,0,1,0,no,yes,yes,yes
qwen3_0_6b,Qwen3-0.6B,main,main,nl_var_query,nonsense3,ate,E[Y | do(X = 1)] - E[Y | do(X = 0)],26729,22490,False,0,0,0,1,0,no,yes,yes,yes
qwen3_0_6b,Qwen3-0.6B,main,main,nl_var_query,nonsense3,ate,E[Y | do(X = 1)] - E[Y | do(X = 0)],26729,26515,False,0,0,0,1,0,no,yes,yes,yes
qwen3_0_6b,Qwen3-0.6B,main,main,nl_var_query,nonsense3,correlation,P(Y | X),22326,26883,False,0,0,0,1,0,no,yes,yes,yes
qwen3_0_6b,Qwen3-0.6B,main,main,nl_var_query,nonsense3,ett,E[Y_{X = 1} - Y_{X = 0} | X = 1],26834,26855,False,0,0,0,1,0,no,yes,yes,yes
qwen3_0_6b,Qwen3-0.6B,main,main,nl_var_query,nonsense3,nie,"E[Y_{X=0, V2=1} - Y_{X=0, V2=0}]",22274,26488,False,0,0,0,1,0,no,yes,yes,yes
qwen3_0_6b,Qwen3-0.6B,main,main,nl_var_query,nonsense4,ate,E[Y | do(X = 1)] - E[Y | do(X = 0)],22947,27135,False,0,0,0,1,0,no,yes,yes,yes
qwen3_0_6b,Qwen3-0.6B,main,main,nl_var_query,nonsense4,ate,E[Y | do(X = 1)] - E[Y | do(X = 0)],27182,27135,False,0,0,0,1,0,no,yes,yes,yes
qwen3_0_6b,Qwen3-0.6B,main,main,nl_var_query,nonsense4,backadj,[backdoor adjustment set for Y given X],22665,22933,False,0,0,0,1,0,no,yes,yes,yes
qwen3_0_6b,Qwen3-0.6B,main,main,nl_var_query,nonsense4,backadj,[backdoor adjustment set for Y given X],22665,26932,False,0,0,0,1,0,no,yes,yes,yes
qwen3_0_6b,Qwen3-0.6B,main,main,nl_var_query,nonsense4,backadj,[backdoor adjustment set for Y given X],22665,27284,False,0,0,0,1,0,no,yes,yes,yes
qwen3_0_6b,Qwen3-0.6B,main,main,nl_var_query,nonsense4,correlation,P(Y | X),22908,22778,False,0,0,0,1,0,no,yes,yes,yes
qwen3_0_6b,Qwen3-0.6B,main,main,nl_var_query,nonsense4,correlation,P(Y | X),22908,27166,False,0,0,0,1,0,no,yes,yes,yes
qwen3_0_6b,Qwen3-0.6B,main,main,nl_var_query,nonsense4,correlation,P(Y | X),22908,27298,False,0,0,0,1,0,no,yes,yes,yes
qwen3_0_6b,Qwen3-0.6B,main,main,nl_var_query,nonsense4,correlation,P(Y | X),27250,22778,False,0,0,0,1,0,no,yes,yes,yes
qwen3_0_6b,Qwen3-0.6B,main,main,nl_var_query,nonsense4,correlation,P(Y | X),27250,27166,False,0,0,0,1,0,no,yes,yes,yes
qwen3_0_6b,Qwen3-0.6B,main,main,nl_var_query,nonsense4,correlation,P(Y | X),27250,27298,False,0,0,0,1,0,no,yes,yes,yes
qwen3_0_6b,Qwen3-0.6B,main,main,nl_var_query,nonsense4,ett,E[Y_{X = 1} - Y_{X = 0} | X = 1],27116,22780,False,0,0,0,1,0,no,yes,yes,yes
qwen3_0_6b,Qwen3-0.6B,main,main,nl_var_query,nonsense4,nie,"E[Y_{X=0, V2=1} - Y_{X=0, V2=0}]",22696,26923,False,0,0,0,1,0,no,yes,yes,yes
qwen3_0_6b,Qwen3-0.6B,main,main,nl_var_query,nonsense5,ate,E[Y | do(X = 1)] - E[Y | do(X = 0)],23399,27594,False,0,0,0,1,0,no,yes,yes,yes
qwen3_0_6b,Qwen3-0.6B,main,main,nl_var_query,nonsense5,backadj,[backdoor adjustment set for Y given X],23360,27451,False,0,0,0,1,0,no,yes,yes,yes
qwen3_0_6b,Qwen3-0.6B,main,main,nl_var_query,nonsense5,correlation,P(Y | X),23043,27557,False,0,0,0,1,0,no,yes,yes,yes
qwen3_0_6b,Qwen3-0.6B,main,main,nl_var_query,nonsense5,marginal,P(Y),23250,23422,False,0,0,0,1,0,no,yes,yes,yes
qwen3_0_6b,Qwen3-0.6B,main,main,nl_var_query,nonsense5,marginal,P(Y),23250,27732,False,0,0,0,1,0,no,yes,yes,yes
qwen3_0_6b,Qwen3-0.6B,main,main,nl_var_query,nonsense5,nde,"E[Y_{X=1, V3=0} - Y_{X=0, V3=0}]",23277,23295,False,0,0,0,1,0,no,yes,yes,yes
qwen3_0_6b,Qwen3-0.6B,main,main,nl_var_query,nonsense5,nde,"E[Y_{X=1, V3=0} - Y_{X=0, V3=0}]",27610,23295,False,0,0,0,1,0,no,yes,yes,yes
qwen3_0_6b,Qwen3-0.6B,main,main,nl_var_query,nonsense6,ate,E[Y | do(X = 1)] - E[Y | do(X = 0)],23628,23830,False,0,0,0,1,0,no,yes,yes,yes
qwen3_0_6b,Qwen3-0.6B,main,main,nl_var_query,nonsense6,ate,E[Y | do(X = 1)] - E[Y | do(X = 0)],27812,23830,False,0,0,0,1,0,no,yes,yes,yes
qwen3_0_6b,Qwen3-0.6B,main,main,nl_var_query,nonsense6,ate,E[Y | do(X = 1)] - E[Y | do(X = 0)],27882,23830,False,0,0,0,1,0,no,yes,yes,yes
qwen3_0_6b,Qwen3-0.6B,main,main,nl_var_query,nonsense6,backadj,[backdoor adjustment set for Y given X],27833,27784,False,0,0,0,1,0,no,yes,yes,yes
qwen3_0_6b,Qwen3-0.6B,main,main,nl_var_query,nonsense6,backadj,[backdoor adjustment set for Y given X],27833,28207,False,0,0,0,1,0,no,yes,yes,yes
qwen3_0_6b,Qwen3-0.6B,main,main,nl_var_query,nonsense6,backadj,[backdoor adjustment set for Y given X],27833,28221,False,0,0,0,1,0,no,yes,yes,yes
qwen3_0_6b,Qwen3-0.6B,main,main,nl_var_query,nonsense6,marginal,P(Y),23788,23640,False,0,0,0,1,0,no,yes,yes,yes
qwen3_0_6b,Qwen3-0.6B,main,main,nl_var_query,nonsense6,marginal,P(Y),23858,23640,False,0,0,0,1,0,no,yes,yes,yes
qwen3_0_6b,Qwen3-0.6B,main,main,nl_var_query,nonsense6,marginal,P(Y),27970,23640,False,0,0,0,1,0,no,yes,yes,yes
qwen3_0_6b,Qwen3-0.6B,main,main,nl_var_query,nonsense6,nie,"E[Y_{X=0, V2=1} - Y_{X=0, V2=0}]",23466,27819,False,0,0,0,1,0,no,yes,yes,yes
qwen3_0_6b,Qwen3-0.6B,main,main,nl_var_query,nonsense7,backadj,[backdoor adjustment set for Y given X],23987,28581,False,0,0,0,1,0,no,yes,yes,yes
qwen3_0_6b,Qwen3-0.6B,main,main,nl_var_query,nonsense7,correlation,P(Y | X),24034,24258,False,0,0,0,1,0,no,yes,yes,yes
qwen3_0_6b,Qwen3-0.6B,main,main,nl_var_query,nonsense7,correlation,P(Y | X),24034,28632,False,0,0,0,1,0,no,yes,yes,yes
qwen3_0_6b,Qwen3-0.6B,main,main,nl_var_query,nonsense7,correlation,P(Y | X),24237,24258,False,0,0,0,1,0,no,yes,yes,yes
qwen3_0_6b,Qwen3-0.6B,main,main,nl_var_query,nonsense7,correlation,P(Y | X),24237,28632,False,0,0,0,1,0,no,yes,yes,yes
qwen3_0_6b,Qwen3-0.6B,main,main,nl_var_query,nonsense7,correlation,P(Y | X),28318,24258,False,0,0,0,1,0,no,yes,yes,yes
qwen3_0_6b,Qwen3-0.6B,main,main,nl_var_query,nonsense7,correlation,P(Y | X),28318,28632,False,0,0,0,1,0,no,yes,yes,yes
qwen3_0_6b,Qwen3-0.6B,main,main,nl_var_query,nonsense7,ett,E[Y_{X = 1} - Y_{X = 0} | X = 1],28622,23901,False,0,0,0,1,0,no,yes,yes,yes
qwen3_0_6b,Qwen3-0.6B,main,main,nl_var_query,nonsense7,ett,E[Y_{X = 1} - Y_{X = 0} | X = 1],28634,23901,False,0,0,0,1,0,no,yes,yes,yes
qwen3_0_6b,Qwen3-0.6B,main,main,nl_var_query,nonsense8,ate,E[Y | do(X = 1)] - E[Y | do(X = 0)],24401,24623,False,0,0,0,1,0,no,yes,yes,yes
qwen3_0_6b,Qwen3-0.6B,main,main,nl_var_query,nonsense8,ate,E[Y | do(X = 1)] - E[Y | do(X = 0)],24401,28861,False,0,0,0,1,0,no,yes,yes,yes
qwen3_0_6b,Qwen3-0.6B,main,main,nl_var_query,nonsense8,ate,E[Y | do(X = 1)] - E[Y | do(X = 0)],24441,24623,False,0,0,0,1,0,no,yes,yes,yes
qwen3_0_6b,Qwen3-0.6B,main,main,nl_var_query,nonsense8,ate,E[Y | do(X = 1)] - E[Y | do(X = 0)],24441,28861,False,0,0,0,1,0,no,yes,yes,yes
qwen3_0_6b,Qwen3-0.6B,main,main,nl_var_query,nonsense8,ate,E[Y | do(X = 1)] - E[Y | do(X = 0)],28847,24623,False,0,0,0,1,0,no,yes,yes,yes
qwen3_0_6b,Qwen3-0.6B,main,main,nl_var_query,nonsense8,ate,E[Y | do(X = 1)] - E[Y | do(X = 0)],28847,28861,False,0,0,0,1,0,no,yes,yes,yes
qwen3_0_6b,Qwen3-0.6B,main,main,nl_var_query,nonsense8,correlation,P(Y | X),24741,24690,False,0,0,0,1,0,no,yes,yes,yes
qwen3_0_6b,Qwen3-0.6B,main,main,nl_var_query,nonsense8,correlation,P(Y | X),24741,24694,False,0,0,0,1,0,no,yes,yes,yes
qwen3_0_6b,Qwen3-0.6B,main,main,nl_var_query,nonsense8,correlation,P(Y | X),28780,24690,False,0,0,0,1,0,no,yes,yes,yes
qwen3_0_6b,Qwen3-0.6B,main,main,nl_var_query,nonsense8,correlation,P(Y | X),28780,24694,False,0,0,0,1,0,no,yes,yes,yes
qwen3_0_6b,Qwen3-0.6B,main,main,nl_var_query,nonsense8,correlation,P(Y | X),28911,24690,False,0,0,0,1,0,no,yes,yes,yes
qwen3_0_6b,Qwen3-0.6B,main,main,nl_var_query,nonsense8,correlation,P(Y | X),28911,24694,False,0,0,0,1,0,no,yes,yes,yes
qwen3_0_6b,Qwen3-0.6B,main,main,nl_var_query,nonsense8,ett,E[Y_{X = 1} - Y_{X = 0} | X = 1],24527,28840,False,0,0,0,1,0,no,yes,yes,yes
qwen3_0_6b,Qwen3-0.6B,main,main,nl_var_query,nonsense8,ett,E[Y_{X = 1} - Y_{X = 0} | X = 1],24648,28840,False,0,0,0,1,0,no,yes,yes,yes
qwen3_0_6b,Qwen3-0.6B,main,main,nl_var_query,nonsense8,ett,E[Y_{X = 1} - Y_{X = 0} | X = 1],24671,28840,False,0,0,0,1,0,no,yes,yes,yes
qwen3_0_6b,Qwen3-0.6B,main,main,nl_var_query,nonsense8,ett,E[Y_{X = 1} - Y_{X = 0} | X = 1],29113,28840,False,0,0,0,1,0,no,yes,yes,yes
qwen3_0_6b,Qwen3-0.6B,main,main,nl_var_query,nonsense8,marginal,P(Y),24737,24348,False,0,0,0,1,0,no,yes,yes,yes
qwen3_0_6b,Qwen3-0.6B,main,main,nl_var_query,nonsense9,ate,E[Y | do(X = 1)] - E[Y | do(X = 0)],25095,29344,False,0,0,0,1,0,no,yes,yes,yes
qwen3_0_6b,Qwen3-0.6B,main,main,nl_var_query,nonsense9,correlation,P(Y | X),24783,24865,False,0,0,0,1,0,no,yes,yes,yes
qwen3_0_6b,Qwen3-0.6B,main,main,nl_var_query,nonsense9,correlation,P(Y | X),24783,24952,False,0,0,0,1,0,no,yes,yes,yes
qwen3_0_6b,Qwen3-0.6B,main,main,nl_var_query,nonsense9,correlation,P(Y | X),24783,24974,False,0,0,0,1,0,no,yes,yes,yes
qwen3_0_6b,Qwen3-0.6B,main,main,nl_var_query,nonsense9,correlation,P(Y | X),24783,29515,False,0,0,0,1,0,no,yes,yes,yes
qwen3_0_6b,Qwen3-0.6B,main,main,nl_var_query,nonsense9,correlation,P(Y | X),29136,24865,False,0,0,0,1,0,no,yes,yes,yes
qwen3_0_6b,Qwen3-0.6B,main,main,nl_var_query,nonsense9,correlation,P(Y | X),29136,24952,False,0,0,0,1,0,no,yes,yes,yes
qwen3_0_6b,Qwen3-0.6B,main,main,nl_var_query,nonsense9,correlation,P(Y | X),29136,24974,False,0,0,0,1,0,no,yes,yes,yes
qwen3_0_6b,Qwen3-0.6B,main,main,nl_var_query,nonsense9,correlation,P(Y | X),29136,29515,False,0,0,0,1,0,no,yes,yes,yes
qwen3_0_6b,Qwen3-0.6B,main,main,nl_var_query,nonsense9,correlation,P(Y | X),29246,24865,False,0,0,0,1,0,no,yes,yes,yes
qwen3_0_6b,Qwen3-0.6B,main,main,nl_var_query,nonsense9,correlation,P(Y | X),29246,24952,False,0,0,0,1,0,no,yes,yes,yes
qwen3_0_6b,Qwen3-0.6B,main,main,nl_var_query,nonsense9,correlation,P(Y | X),29246,24974,False,0,0,0,1,0,no,yes,yes,yes
qwen3_0_6b,Qwen3-0.6B,main,main,nl_var_query,nonsense9,correlation,P(Y | X),29246,29515,False,0,0,0,1,0,no,yes,yes,yes
qwen3_0_6b,Qwen3-0.6B,main,main,nl_var_query,nonsense9,correlation,P(Y | X),29475,24865,False,0,0,0,1,0,no,yes,yes,yes
qwen3_0_6b,Qwen3-0.6B,main,main,nl_var_query,nonsense9,correlation,P(Y | X),29475,24952,False,0,0,0,1,0,no,yes,yes,yes
qwen3_0_6b,Qwen3-0.6B,main,main,nl_var_query,nonsense9,correlation,P(Y | X),29475,24974,False,0,0,0,1,0,no,yes,yes,yes
qwen3_0_6b,Qwen3-0.6B,main,main,nl_var_query,nonsense9,correlation,P(Y | X),29475,29515,False,0,0,0,1,0,no,yes,yes,yes
qwen3_0_6b,Qwen3-0.6B,main,main,nl_var_query,nonsense9,marginal,P(Y),25058,29221,False,0,0,0,1,0,no,yes,yes,yes
qwen3_0_6b,Qwen3-0.6B,main,main,nl_var_query,nonsense9,marginal,P(Y),25058,29509,False,0,0,0,1,0,no,yes,yes,yes
qwen3_0_6b,Qwen3-0.6B,main,main,nl_var_query,nonsense9,marginal,P(Y),29191,29221,False,0,0,0,1,0,no,yes,yes,yes
qwen3_0_6b,Qwen3-0.6B,main,main,nl_var_query,nonsense9,marginal,P(Y),29191,29509,False,0,0,0,1,0,no,yes,yes,yes
qwen3_0_6b,Qwen3-0.6B,main,main,nl_var_query,nonsense9,marginal,P(Y),29486,29221,False,0,0,0,1,0,no,yes,yes,yes
qwen3_0_6b,Qwen3-0.6B,main,main,nl_var_query,nonsense9,marginal,P(Y),29486,29509,False,0,0,0,1,0,no,yes,yes,yes
qwen3_0_6b,Qwen3-0.6B,main,main,nl_var_query,nonsense9,nde,"E[Y_{X=1, V3=0} - Y_{X=0, V3=0}]",25023,25019,False,0,0,0,1,0,no,yes,yes,yes
qwen3_0_6b,Qwen3-0.6B,main,main,nl_var_query,obesity_mortality,nde,"E[Y_{X=1, V3=0} - Y_{X=0, V3=0}]",18390,3208,False,0,0,0,1,0,no,yes,yes,yes
qwen3_0_6b,Qwen3-0.6B,main,main,nl_var_query,obesity_mortality,nde,"E[Y_{X=1, V3=0} - Y_{X=0, V3=0}]",18390,7961,False,0,0,0,1,0,no,yes,yes,yes
qwen3_0_6b,Qwen3-0.6B,main,main,nl_var_query,obesity_mortality,nde,"E[Y_{X=1, V3=0} - Y_{X=0, V3=0}]",18390,13546,False,0,0,0,1,0,no,yes,yes,yes
qwen3_0_6b,Qwen3-0.6B,main,main,nl_var_query,obesity_mortality,nde,"E[Y_{X=1, V3=0} - Y_{X=0, V3=0}]",18390,13611,False,0,0,0,1,0,no,yes,yes,yes
qwen3_0_6b,Qwen3-0.6B,main,main,nl_var_query,obesity_mortality,nde,"E[Y_{X=1, V3=0} - Y_{X=0, V3=0}]",18390,13621,False,0,0,0,1,0,no,yes,yes,yes
qwen3_0_6b,Qwen3-0.6B,main,main,nl_var_query,orange_scurvy,ate,E[Y | do(X = 1)] - E[Y | do(X = 0)],18530,3306,False,0,0,0,1,0,no,yes,yes,yes
qwen3_0_6b,Qwen3-0.6B,main,main,nl_var_query,orange_scurvy,ate,E[Y | do(X = 1)] - E[Y | do(X = 0)],18530,8160,False,0,0,0,1,0,no,yes,yes,yes
qwen3_0_6b,Qwen3-0.6B,main,main,nl_var_query,orange_scurvy,ate,E[Y | do(X = 1)] - E[Y | do(X = 0)],18530,18567,False,0,0,0,1,0,no,yes,yes,yes
qwen3_0_6b,Qwen3-0.6B,main,main,nl_var_query,orange_scurvy,correlation,P(Y | X),3414,3405,False,0,0,0,1,0,no,yes,yes,yes
qwen3_0_6b,Qwen3-0.6B,main,main,nl_var_query,orange_scurvy,correlation,P(Y | X),3414,13720,False,0,0,0,1,0,no,yes,yes,yes
qwen3_0_6b,Qwen3-0.6B,main,main,nl_var_query,orange_scurvy,correlation,P(Y | X),3414,13727,False,0,0,0,1,0,no,yes,yes,yes
qwen3_0_6b,Qwen3-0.6B,main,main,nl_var_query,orange_scurvy,correlation,P(Y | X),13734,3405,False,0,0,0,1,0,no,yes,yes,yes
qwen3_0_6b,Qwen3-0.6B,main,main,nl_var_query,orange_scurvy,correlation,P(Y | X),13734,13720,False,0,0,0,1,0,no,yes,yes,yes
qwen3_0_6b,Qwen3-0.6B,main,main,nl_var_query,orange_scurvy,correlation,P(Y | X),13734,13727,False,0,0,0,1,0,no,yes,yes,yes
qwen3_0_6b,Qwen3-0.6B,main,main,nl_var_query,orange_scurvy,correlation,P(Y | X),13751,3405,False,0,0,0,1,0,no,yes,yes,yes
qwen3_0_6b,Qwen3-0.6B,main,main,nl_var_query,orange_scurvy,correlation,P(Y | X),13751,13720,False,0,0,0,1,0,no,yes,yes,yes
qwen3_0_6b,Qwen3-0.6B,main,main,nl_var_query,orange_scurvy,correlation,P(Y | X),13751,13727,False,0,0,0,1,0,no,yes,yes,yes
qwen3_0_6b,Qwen3-0.6B,main,main,nl_var_query,orange_scurvy,ett,E[Y_{X = 1} - Y_{X = 0} | X = 1],18508,18540,False,0,0,0,1,0,no,yes,yes,yes
qwen3_0_6b,Qwen3-0.6B,main,main,nl_var_query,orange_scurvy,marginal,P(Y),18605,3391,False,0,0,0,1,0,no,yes,yes,yes
qwen3_0_6b,Qwen3-0.6B,main,main,nl_var_query,orange_scurvy,marginal,P(Y),18605,8168,False,0,0,0,1,0,no,yes,yes,yes
qwen3_0_6b,Qwen3-0.6B,main,main,nl_var_query,orange_scurvy,marginal,P(Y),18605,18581,False,0,0,0,1,0,no,yes,yes,yes
qwen3_0_6b,Qwen3-0.6B,main,main,nl_var_query,penguin,backadj,[backdoor adjustment set for Y given X],1100,16235,False,0,0,0,1,0,no,yes,yes,yes
qwen3_0_6b,Qwen3-0.6B,main,main,nl_var_query,penguin,marginal,P(Y),5921,1041,False,0,0,0,1,0,no,yes,yes,yes
qwen3_0_6b,Qwen3-0.6B,main,main,nl_var_query,penguin,marginal,P(Y),5921,5915,False,0,0,0,1,0,no,yes,yes,yes
qwen3_0_6b,Qwen3-0.6B,main,main,nl_var_query,penguin,marginal,P(Y),11563,1041,False,0,0,0,1,0,no,yes,yes,yes
qwen3_0_6b,Qwen3-0.6B,main,main,nl_var_query,penguin,marginal,P(Y),11563,5915,False,0,0,0,1,0,no,yes,yes,yes
qwen3_0_6b,Qwen3-0.6B,main,main,nl_var_query,penguin,nde,"E[Y_{X=1, V2=0} - Y_{X=0, V2=0}]",1099,1110,False,0,0,0,1,0,no,yes,yes,yes
qwen3_0_6b,Qwen3-0.6B,main,main,nl_var_query,penguin,nde,"E[Y_{X=1, V2=0} - Y_{X=0, V2=0}]",1170,1110,False,0,0,0,1,0,no,yes,yes,yes
qwen3_0_6b,Qwen3-0.6B,main,main,nl_var_query,penguin,nde,"E[Y_{X=1, V2=0} - Y_{X=0, V2=0}]",5927,1110,False,0,0,0,1,0,no,yes,yes,yes
qwen3_0_6b,Qwen3-0.6B,main,main,nl_var_query,penguin,nde,"E[Y_{X=1, V2=0} - Y_{X=0, V2=0}]",16312,1110,False,0,0,0,1,0,no,yes,yes,yes
qwen3_0_6b,Qwen3-0.6B,main,main,nl_var_query,penguin,nie,"E[Y_{X=0, V2=1} - Y_{X=0, V2=0}]",1147,16243,False,0,0,0,1,0,no,yes,yes,yes
qwen3_0_6b,Qwen3-0.6B,main,main,nl_var_query,price,ate,E[Y | do(X = 1)] - E[Y | do(X = 0)],13863,18634,False,0,0,0,1,0,no,yes,yes,yes
qwen3_0_6b,Qwen3-0.6B,main,main,nl_var_query,price,backadj,[backdoor adjustment set for Y given X],8272,8293,False,0,0,0,1,0,no,yes,yes,yes
qwen3_0_6b,Qwen3-0.6B,main,main,nl_var_query,simpson_drug,correlation,P(Y | X),14000,14032,False,0,0,0,1,0,no,yes,yes,yes
qwen3_0_6b,Qwen3-0.6B,main,main,nl_var_query,simpson_drug,marginal,P(Y),8358,8385,False,0,0,0,1,0,no,yes,yes,yes
qwen3_0_6b,Qwen3-0.6B,main,main,nl_var_query,simpson_drug,marginal,P(Y),8358,14030,False,0,0,0,1,0,no,yes,yes,yes
qwen3_0_6b,Qwen3-0.6B,main,main,nl_var_query,simpson_hospital,backadj,[backdoor adjustment set for Y given X],18926,8480,False,0,0,0,1,0,no,yes,yes,yes
qwen3_0_6b,Qwen3-0.6B,main,main,nl_var_query,simpson_hospital,backadj,[backdoor adjustment set for Y given X],18926,18889,False,0,0,0,1,0,no,yes,yes,yes
qwen3_0_6b,Qwen3-0.6B,main,main,nl_var_query,simpson_kidneystone,backadj,[backdoor adjustment set for Y given X],3794,14204,False,0,0,0,1,0,no,yes,yes,yes
qwen3_0_6b,Qwen3-0.6B,main,main,nl_var_query,simpson_kidneystone,correlation,P(Y | X),14270,8625,False,0,0,0,1,0,no,yes,yes,yes
qwen3_0_6b,Qwen3-0.6B,main,main,nl_var_query,simpson_kidneystone,correlation,P(Y | X),14270,14162,False,0,0,0,1,0,no,yes,yes,yes
qwen3_0_6b,Qwen3-0.6B,main,main,nl_var_query,simpson_kidneystone,marginal,P(Y),14171,14234,False,0,0,0,1,0,no,yes,yes,yes
qwen3_0_6b,Qwen3-0.6B,main,main,nl_var_query,simpson_vaccine,backadj,[backdoor adjustment set for Y given X],14301,3952,False,0,0,0,1,0,no,yes,yes,yes
qwen3_0_6b,Qwen3-0.6B,main,main,nl_var_query,simpson_vaccine,backadj,[backdoor adjustment set for Y given X],14301,3962,False,0,0,0,1,0,no,yes,yes,yes
qwen3_0_6b,Qwen3-0.6B,main,main,nl_var_query,simpson_vaccine,marginal,P(Y),19079,19085,False,0,0,0,1,0,no,yes,yes,yes
qwen3_0_6b,Qwen3-0.6B,main,main,nl_var_query,simpson_vaccine,marginal,P(Y),19079,19103,False,0,0,0,1,0,no,yes,yes,yes
qwen3_0_6b,Qwen3-0.6B,main,main,nl_var_query,smoke_birthWeight,nde,"E[Y_{X=1, V3=0} - Y_{X=0, V3=0}]",14542,8760,False,0,0,0,1,0,no,yes,yes,yes
qwen3_0_6b,Qwen3-0.6B,main,main,nl_var_query,smoke_birthWeight,nde,"E[Y_{X=1, V3=0} - Y_{X=0, V3=0}]",14542,19236,False,0,0,0,1,0,no,yes,yes,yes
qwen3_0_6b,Qwen3-0.6B,main,main,nl_var_query,smoke_birthWeight,nde,"E[Y_{X=1, V3=0} - Y_{X=0, V3=0}]",14542,19297,False,0,0,0,1,0,no,yes,yes,yes
qwen3_0_6b,Qwen3-0.6B,main,main,nl_var_query,smoke_birthWeight,nde,"E[Y_{X=1, V3=0} - Y_{X=0, V3=0}]",19287,8760,False,0,0,0,1,0,no,yes,yes,yes
qwen3_0_6b,Qwen3-0.6B,main,main,nl_var_query,smoke_birthWeight,nde,"E[Y_{X=1, V3=0} - Y_{X=0, V3=0}]",19287,19236,False,0,0,0,1,0,no,yes,yes,yes
qwen3_0_6b,Qwen3-0.6B,main,main,nl_var_query,smoke_birthWeight,nde,"E[Y_{X=1, V3=0} - Y_{X=0, V3=0}]",19287,19297,False,0,0,0,1,0,no,yes,yes,yes
qwen3_0_6b,Qwen3-0.6B,main,main,nl_var_query,smoke_birthWeight,nie,"E[Y_{X=0, V3=1} - Y_{X=0, V3=0}]",8773,14402,False,0,0,0,1,0,no,yes,yes,yes
qwen3_0_6b,Qwen3-0.6B,main,main,nl_var_query,smoke_birthWeight,nie,"E[Y_{X=0, V3=1} - Y_{X=0, V3=0}]",8773,14548,False,0,0,0,1,0,no,yes,yes,yes
qwen3_0_6b,Qwen3-0.6B,main,main,nl_var_query,smoke_birthWeight,nie,"E[Y_{X=0, V3=1} - Y_{X=0, V3=0}]",14443,14402,False,0,0,0,1,0,no,yes,yes,yes
qwen3_0_6b,Qwen3-0.6B,main,main,nl_var_query,smoke_birthWeight,nie,"E[Y_{X=0, V3=1} - Y_{X=0, V3=0}]",14443,14548,False,0,0,0,1,0,no,yes,yes,yes
qwen3_0_6b,Qwen3-0.6B,main,main,nl_var_query,smoking_frontdoor,correlation,P(Y | X),4170,9021,False,0,0,0,1,0,no,yes,yes,yes
qwen3_0_6b,Qwen3-0.6B,main,main,nl_var_query,smoking_frontdoor,correlation,P(Y | X),4170,9043,False,0,0,0,1,0,no,yes,yes,yes
qwen3_0_6b,Qwen3-0.6B,main,main,nl_var_query,smoking_frontdoor,correlation,P(Y | X),4170,19358,False,0,0,0,1,0,no,yes,yes,yes
qwen3_0_6b,Qwen3-0.6B,main,main,nl_var_query,smoking_frontdoor,correlation,P(Y | X),4180,9021,False,0,0,0,1,0,no,yes,yes,yes
qwen3_0_6b,Qwen3-0.6B,main,main,nl_var_query,smoking_frontdoor,correlation,P(Y | X),4180,9043,False,0,0,0,1,0,no,yes,yes,yes
qwen3_0_6b,Qwen3-0.6B,main,main,nl_var_query,smoking_frontdoor,correlation,P(Y | X),4180,19358,False,0,0,0,1,0,no,yes,yes,yes
qwen3_0_6b,Qwen3-0.6B,main,main,nl_var_query,smoking_frontdoor,correlation,P(Y | X),4182,9021,False,0,0,0,1,0,no,yes,yes,yes
qwen3_0_6b,Qwen3-0.6B,main,main,nl_var_query,smoking_frontdoor,correlation,P(Y | X),4182,9043,False,0,0,0,1,0,no,yes,yes,yes
qwen3_0_6b,Qwen3-0.6B,main,main,nl_var_query,smoking_frontdoor,correlation,P(Y | X),4182,19358,False,0,0,0,1,0,no,yes,yes,yes
qwen3_0_6b,Qwen3-0.6B,main,main,nl_var_query,smoking_frontdoor,marginal,P(Y),9037,4197,False,0,0,0,1,0,no,yes,yes,yes
qwen3_0_6b,Qwen3-0.6B,main,main,nl_var_query,smoking_frontdoor,marginal,P(Y),9037,9049,False,0,0,0,1,0,no,yes,yes,yes
qwen3_0_6b,Qwen3-0.6B,main,main,nl_var_query,smoking_frontdoor,marginal,P(Y),9037,14610,False,0,0,0,1,0,no,yes,yes,yes
qwen3_0_6b,Qwen3-0.6B,main,main,nl_var_query,smoking_frontdoor,nie,"E[Y_{X=0, V3=1} - Y_{X=0, V3=0}]",14653,8954,False,0,0,0,1,0,no,yes,yes,yes
qwen3_0_6b,Qwen3-0.6B,main,main,nl_var_query,smoking_frontdoor,nie,"E[Y_{X=0, V3=1} - Y_{X=0, V3=0}]",14653,14696,False,0,0,0,1,0,no,yes,yes,yes
qwen3_0_6b,Qwen3-0.6B,main,main,nl_var_query,smoking_frontdoor,nie,"E[Y_{X=0, V3=1} - Y_{X=0, V3=0}]",14653,19351,False,0,0,0,1,0,no,yes,yes,yes
qwen3_0_6b,Qwen3-0.6B,main,main,nl_var_query,smoking_frontdoor,nie,"E[Y_{X=0, V3=1} - Y_{X=0, V3=0}]",14653,19364,False,0,0,0,1,0,no,yes,yes,yes
qwen3_0_6b,Qwen3-0.6B,main,main,nl_var_query,smoking_frontdoor,nie,"E[Y_{X=0, V3=1} - Y_{X=0, V3=0}]",14690,8954,False,0,0,0,1,0,no,yes,yes,yes
qwen3_0_6b,Qwen3-0.6B,main,main,nl_var_query,smoking_frontdoor,nie,"E[Y_{X=0, V3=1} - Y_{X=0, V3=0}]",14690,14696,False,0,0,0,1,0,no,yes,yes,yes
qwen3_0_6b,Qwen3-0.6B,main,main,nl_var_query,smoking_frontdoor,nie,"E[Y_{X=0, V3=1} - Y_{X=0, V3=0}]",14690,19351,False,0,0,0,1,0,no,yes,yes,yes
qwen3_0_6b,Qwen3-0.6B,main,main,nl_var_query,smoking_frontdoor,nie,"E[Y_{X=0, V3=1} - Y_{X=0, V3=0}]",14690,19364,False,0,0,0,1,0,no,yes,yes,yes
qwen3_0_6b,Qwen3-0.6B,main,main,nl_var_query,smoking_gene_cancer,ate,E[Y | do(X = 1)] - E[Y | do(X = 0)],14755,9081,False,0,0,0,1,0,no,yes,yes,yes
qwen3_0_6b,Qwen3-0.6B,main,main,nl_var_query,smoking_gene_cancer,ett,E[Y_{X = 1} - Y_{X = 0} | X = 1],19501,4460,False,0,0,0,1,0,no,yes,yes,yes
qwen3_0_6b,Qwen3-0.6B,main,main,nl_var_query,smoking_gene_cancer,ett,E[Y_{X = 1} - Y_{X = 0} | X = 1],19501,14742,False,0,0,0,1,0,no,yes,yes,yes
qwen3_0_6b,Qwen3-0.6B,main,main,nl_var_query,smoking_gene_cancer,nde,"E[Y_{X=1, V3=0} - Y_{X=0, V3=0}]",9092,14708,False,0,0,0,1,0,no,yes,yes,yes
qwen3_0_6b,Qwen3-0.6B,main,main,nl_var_query,smoking_gene_cancer,nde,"E[Y_{X=1, V3=0} - Y_{X=0, V3=0}]",19446,14708,False,0,0,0,1,0,no,yes,yes,yes
qwen3_0_6b,Qwen3-0.6B,main,main,nl_var_query,smoking_gene_cancer,nie,"E[Y_{X=0, V3=1} - Y_{X=0, V3=0}]",19445,9118,False,0,0,0,1,0,no,yes,yes,yes
qwen3_0_6b,Qwen3-0.6B,main,main,nl_var_query,smoking_gene_cancer,nie,"E[Y_{X=0, V3=1} - Y_{X=0, V3=0}]",19445,14743,False,0,0,0,1,0,no,yes,yes,yes
qwen3_0_6b,Qwen3-0.6B,main,main,nl_var_query,smoking_gene_cancer,nie,"E[Y_{X=0, V3=1} - Y_{X=0, V3=0}]",19445,14837,False,0,0,0,1,0,no,yes,yes,yes
qwen3_0_6b,Qwen3-0.6B,main,main,nl_var_query,smoking_tar_cancer,ate,E[Y | do(X = 1)] - E[Y | do(X = 0)],4501,19612,False,0,0,0,1,0,no,yes,yes,yes
qwen3_0_6b,Qwen3-0.6B,main,main,nl_var_query,smoking_tar_cancer,ate,E[Y | do(X = 1)] - E[Y | do(X = 0)],14969,19612,False,0,0,0,1,0,no,yes,yes,yes
qwen3_0_6b,Qwen3-0.6B,main,main,nl_var_query,smoking_tar_cancer,nie,"E[Y_{X=0, V2=1} - Y_{X=0, V2=0}]",4502,14940,False,0,0,0,1,0,no,yes,yes,yes
qwen3_0_6b,Qwen3-0.6B,main,main,nl_var_query,smoking_tar_cancer,nie,"E[Y_{X=0, V2=1} - Y_{X=0, V2=0}]",4525,14940,False,0,0,0,1,0,no,yes,yes,yes
qwen3_0_6b,Qwen3-0.6B,main,main,nl_var_query,smoking_tar_cancer,nie,"E[Y_{X=0, V2=1} - Y_{X=0, V2=0}]",9245,14940,False,0,0,0,1,0,no,yes,yes,yes
qwen3_0_6b,Qwen3-0.6B,main,main,nl_var_query,tax_smoke_birthWeight,ate,E[Y | do(X = 1)] - E[Y | do(X = 0)],4665,4636,False,0,0,0,1,0,no,yes,yes,yes
qwen3_0_6b,Qwen3-0.6B,main,main,nl_var_query,tax_smoke_birthWeight,ate,E[Y | do(X = 1)] - E[Y | do(X = 0)],4665,9404,False,0,0,0,1,0,no,yes,yes,yes
qwen3_0_6b,Qwen3-0.6B,main,main,nl_var_query,tax_smoke_birthWeight,ate,E[Y | do(X = 1)] - E[Y | do(X = 0)],4665,9422,False,0,0,0,1,0,no,yes,yes,yes
qwen3_0_6b,Qwen3-0.6B,main,main,nl_var_query,tax_smoke_birthWeight,ate,E[Y | do(X = 1)] - E[Y | do(X = 0)],9336,4636,False,0,0,0,1,0,no,yes,yes,yes
qwen3_0_6b,Qwen3-0.6B,main,main,nl_var_query,tax_smoke_birthWeight,ate,E[Y | do(X = 1)] - E[Y | do(X = 0)],9336,9404,False,0,0,0,1,0,no,yes,yes,yes
qwen3_0_6b,Qwen3-0.6B,main,main,nl_var_query,tax_smoke_birthWeight,ate,E[Y | do(X = 1)] - E[Y | do(X = 0)],9336,9422,False,0,0,0,1,0,no,yes,yes,yes
qwen3_0_6b,Qwen3-0.6B,main,main,nl_var_query,tax_smoke_birthWeight,ate,E[Y | do(X = 1)] - E[Y | do(X = 0)],19806,4636,False,0,0,0,1,0,no,yes,yes,yes
qwen3_0_6b,Qwen3-0.6B,main,main,nl_var_query,tax_smoke_birthWeight,ate,E[Y | do(X = 1)] - E[Y | do(X = 0)],19806,9404,False,0,0,0,1,0,no,yes,yes,yes
qwen3_0_6b,Qwen3-0.6B,main,main,nl_var_query,tax_smoke_birthWeight,ate,E[Y | do(X = 1)] - E[Y | do(X = 0)],19806,9422,False,0,0,0,1,0,no,yes,yes,yes
qwen3_0_6b,Qwen3-0.6B,main,main,nl_var_query,tax_smoke_birthWeight,backadj,[backdoor adjustment set for Y given X],9392,4657,False,0,0,0,1,0,no,yes,yes,yes
qwen3_0_6b,Qwen3-0.6B,main,main,nl_var_query,tax_smoke_birthWeight,backadj,[backdoor adjustment set for Y given X],9392,9345,False,0,0,0,1,0,no,yes,yes,yes
qwen3_0_6b,Qwen3-0.6B,main,main,nl_var_query,tax_smoke_birthWeight,backadj,[backdoor adjustment set for Y given X],9392,15076,False,0,0,0,1,0,no,yes,yes,yes
qwen3_0_6b,Qwen3-0.6B,main,main,nl_var_query,tax_smoke_birthWeight,marginal,P(Y),15100,4655,False,0,0,0,1,0,no,yes,yes,yes
qwen3_0_6b,Qwen3-0.6B,main,main,nl_var_query,tax_smoke_birthWeight,marginal,P(Y),15100,9407,False,0,0,0,1,0,no,yes,yes,yes
qwen3_0_6b,Qwen3-0.6B,main,main,nl_var_query,vaccine_kills,ate,E[Y | do(X = 1)] - E[Y | do(X = 0)],16381,1244,False,0,0,0,1,0,no,yes,yes,yes
qwen3_0_6b,Qwen3-0.6B,main,main,nl_var_query,vaccine_kills,ate,E[Y | do(X = 1)] - E[Y | do(X = 0)],16381,11590,False,0,0,0,1,0,no,yes,yes,yes
qwen3_0_6b,Qwen3-0.6B,main,main,nl_var_query,vaccine_kills,ate,E[Y | do(X = 1)] - E[Y | do(X = 0)],16416,1244,False,0,0,0,1,0,no,yes,yes,yes
qwen3_0_6b,Qwen3-0.6B,main,main,nl_var_query,vaccine_kills,ate,E[Y | do(X = 1)] - E[Y | do(X = 0)],16416,11590,False,0,0,0,1,0,no,yes,yes,yes
qwen3_0_6b,Qwen3-0.6B,main,main,nl_var_query,vaccine_kills,backadj,[backdoor adjustment set for Y given X],11602,16366,False,0,0,0,1,0,no,yes,yes,yes
qwen3_0_6b,Qwen3-0.6B,main,main,nl_var_query,vaccine_kills,backadj,[backdoor adjustment set for Y given X],11611,16366,False,0,0,0,1,0,no,yes,yes,yes
qwen3_0_6b,Qwen3-0.6B,main,main,nl_var_query,vaccine_kills,backadj,[backdoor adjustment set for Y given X],11664,16366,False,0,0,0,1,0,no,yes,yes,yes
qwen3_0_6b,Qwen3-0.6B,main,main,nl_var_query,vaccine_kills,correlation,P(Y | X),6018,1266,False,0,0,0,1,0,no,yes,yes,yes
qwen3_0_6b,Qwen3-0.6B,main,main,nl_var_query,vaccine_kills,correlation,P(Y | X),6018,11671,False,0,0,0,1,0,no,yes,yes,yes
qwen3_0_6b,Qwen3-0.6B,main,main,nl_var_query,vaccine_kills,correlation,P(Y | X),11630,1266,False,0,0,0,1,0,no,yes,yes,yes
qwen3_0_6b,Qwen3-0.6B,main,main,nl_var_query,vaccine_kills,correlation,P(Y | X),11630,11671,False,0,0,0,1,0,no,yes,yes,yes
qwen3_0_6b,Qwen3-0.6B,main,main,nl_var_query,vaccine_kills,nie,"E[Y_{X=0, V2=1, V3=1} - Y_{X=0, V2=0, V3=0}]",1216,16485,False,0,0,0,1,0,no,yes,yes,yes
qwen3_0_6b,Qwen3-0.6B,main,main,nl_var_query,water_cholera,ate,E[Y | do(X = 1)] - E[Y | do(X = 0)],15133,4736,False,0,0,0,1,0,no,yes,yes,yes
qwen3_0_6b,Qwen3-0.6B,main,main,nl_var_query,water_cholera,ate,E[Y | do(X = 1)] - E[Y | do(X = 0)],15133,15160,False,0,0,0,1,0,no,yes,yes,yes
qwen3_0_6b,Qwen3-0.6B,main,main,nl_var_query,water_cholera,ate,E[Y | do(X = 1)] - E[Y | do(X = 0)],15133,15182,False,0,0,0,1,0,no,yes,yes,yes
qwen3_0_6b,Qwen3-0.6B,main,main,nl_var_query,water_cholera,correlation,P(Y | X),4782,9468,False,0,0,0,1,0,no,yes,yes,yes
qwen3_0_6b,Qwen3-0.6B,main,main,nl_var_query,water_cholera,marginal,P(Y),9426,15129,False,0,0,0,1,0,no,yes,yes,yes
