story_id,query_type,formal_form,rung,token_len,yes_id,yes_prompt,no_id,no_prompt
alarm,nde,"E[Y_{X=1, V2=0} - Y_{X=0, V2=0}]",3,235,88,"Imagine a self-contained, hypothetical world with only the following conditions, and without any unmentioned factors or causal relationships: Husband has a direct effect on wife and alarm clock. Wife has a direct effect on alarm clock. For husbands that don't set the alarm and wives that don't set the alarm, the probability of ringing alarm is 6%. For husbands that don't set the alarm and wives that set the alarm, the probability of ringing alarm is 49%. For husbands that set the alarm and wives that don't set the alarm, the probability of ringing alarm is 54%. For husbands that set the alarm and wives that set the alarm, the probability of ringing alarm is 99%. For husbands that don't set the alarm, the probability of alarm set by wife is 94%. For husbands that set the alarm, the probability of alarm set by wife is 50%. If we disregard the mediation effect through wife, would husband positively affect alarm clock?",119,"Imagine a self-contained, hypothetical world with only the following conditions, and without any unmentioned factors or causal relationships: Husband has a direct effect on wife and alarm clock. Wife has a direct effect on alarm clock. For husbands that don't set the alarm and wives that don't set the alarm, the probability of ringing alarm is 1%. For husbands that don't set the alarm and wives that set the alarm, the probability of ringing alarm is 43%. For husbands that set the alarm and wives that don't set the alarm, the probability of ringing alarm is 47%. For husbands that set the alarm and wives that set the alarm, the probability of ringing alarm is 92%. For husbands that don't set the alarm, the probability of alarm set by wife is 50%. For husbands that set the alarm, the probability of alarm set by wife is 74%. If we disregard the mediation effect through wife, would husband negatively affect alarm clock?"
candle,ate,E[Y | do(X = 1)] - E[Y | do(X = 0)],2,127,4986,"Imagine a self-contained, hypothetical world with only the following conditions, and without any unmentioned factors or causal relationships: The man in the room has a direct effect on room. The candle has a direct effect on room. For people not blowing out candles, the probability of dark room is 89%. For people who blow out candles, the probability of dark room is 58%. Will blowing out the candle decrease the chance of dark room?",166,"Imagine a self-contained, hypothetical world with only the following conditions, and without any unmentioned factors or causal relationships: The man in the room has a direct effect on room. The candle has a direct effect on room. For people not blowing out candles, the probability of dark room is 44%. For people who blow out candles, the probability of dark room is 75%. Will blowing out the candle decrease the chance of dark room?"
firing_employee,ate,E[Y | do(X = 1)] - E[Y | do(X = 0)],2,212,5144,"Imagine a self-contained, hypothetical world with only the following conditions, and without any unmentioned factors or causal relationships: CEO has a direct effect on director and manager. Manager has a direct effect on employee. Director has a direct effect on employee. For CEOs who fire employees and managers who don't sign termination letters, the probability of employee being fired is 53%. For CEOs who fire employees and managers who sign termination letters, the probability of employee being fired is 22%. For CEOs who fire employees and managers who don't sign termination letters, the probability of employee being fired is 73%. For CEOs who fire employees and managers who sign termination letters, the probability of employee being fired is 42%. The overall probability of CEO's decision to fire the employee is 81%. Will manager signing the termination letter decrease the chance of employee being fired?",5133,"Imagine a self-contained, hypothetical world with only the following conditions, and without any unmentioned factors or causal relationships: CEO has a direct effect on director and manager. Manager has a direct effect on employee. Director has a direct effect on employee. For CEOs who fire employees and managers who don't sign termination letters, the probability of employee being fired is 73%. For CEOs who fire employees and managers who sign termination letters, the probability of employee being fired is 31%. For CEOs who fire employees and managers who don't sign termination letters, the probability of employee being fired is 90%. For CEOs who fire employees and managers who sign termination letters, the probability of employee being fired is 47%. The overall probability of CEO's decision to fire the employee is 91%. Will manager signing the termination letter increase the chance of employee being fired?"
firing_employee,ett,E[Y_{X = 1} - Y_{X = 0} | X = 1],3,258,346,"Imagine a self-contained, hypothetical world with only the following conditions, and without any unmentioned factors or causal relationships: CEO has a direct effect on director and manager. Manager has a direct effect on employee. Director has a direct effect on employee. For managers who don't sign termination letters and directors who don't sign termination letters, the probability of employee being fired is 13%. For managers who don't sign termination letters and directors who sign termination letters, the probability of employee being fired is 52%. For managers who sign termination letters and directors who don't sign termination letters, the probability of employee being fired is 49%. For managers who sign termination letters and directors who sign termination letters, the probability of employee being fired is 88%. For managers who don't sign termination letters, the probability of director signing the termination letter is 50%. For managers who sign termination letters, the probability of director signing the termination letter is 56%. For managers who sign termination letters, would it be less likely to see employee being fired if the manager had signed the termination letter?",355,"Imagine a self-contained, hypothetical world with only the following conditions, and without any unmentioned factors or causal relationships: CEO has a direct effect on director and manager. Manager has a direct effect on employee. Director has a direct effect on employee. For managers who don't sign termination letters and directors who don't sign termination letters, the probability of employee being fired is 17%. For managers who don't sign termination letters and directors who sign termination letters, the probability of employee being fired is 48%. For managers who sign termination letters and directors who don't sign termination letters, the probability of employee being fired is 47%. For managers who sign termination letters and directors who sign termination letters, the probability of employee being fired is 80%. For managers who don't sign termination letters, the probability of director signing the termination letter is 15%. For managers who sign termination letters, the probability of director signing the termination letter is 39%. For managers who sign termination letters, would it be more likely to see employee being fired if the manager had signed the termination letter?"
firing_employee,ett,E[Y_{X = 1} - Y_{X = 0} | X = 1],3,257,5138,"Imagine a self-contained, hypothetical world with only the following conditions, and without any unmentioned factors or causal relationships: CEO has a direct effect on director and manager. Manager has a direct effect on employee. Director has a direct effect on employee. For managers who don't sign termination letters and directors who don't sign termination letters, the probability of employee being fired is 96%. For managers who don't sign termination letters and directors who sign termination letters, the probability of employee being fired is 59%. For managers who sign termination letters and directors who don't sign termination letters, the probability of employee being fired is 50%. For managers who sign termination letters and directors who sign termination letters, the probability of employee being fired is 13%. For managers who don't sign termination letters, the probability of director signing the termination letter is 8%. For managers who sign termination letters, the probability of director signing the termination letter is 19%. For managers who sign termination letters, would it be more likely to see employee being fired if the manager had signed the termination letter?",10752,"Imagine a self-contained, hypothetical world with only the following conditions, and without any unmentioned factors or causal relationships: CEO has a direct effect on director and having visited England. Having visited England has a direct effect on employee. Director has a direct effect on employee. For people who have not visited England and directors who don't sign termination letters, the probability of employee being fired is 3%. For people who have not visited England and directors who sign termination letters, the probability of employee being fired is 52%. For people who have visited England and directors who don't sign termination letters, the probability of employee being fired is 43%. For people who have visited England and directors who sign termination letters, the probability of employee being fired is 85%. For people who have not visited England, the probability of director signing the termination letter is 22%. For people who have visited England, the probability of director signing the termination letter is 78%. For people who have visited England, would it be more likely to see employee being fired if the person had not visited England?"
floor_wet,backadj,[backdoor adjustment set for Y given X],2,147,11026,"Imagine a self-contained, hypothetical world with only the following conditions, and without any unmentioned factors or causal relationships: Full moon has a direct effect on sprinkler and weather. Weather has a direct effect on ground. Sprinkler has a direct effect on ground. Method 1: We look directly at how full moon correlates with ground in general. Method 2: We look at this correlation case by case according to sprinkler. To understand how full moon affects ground, is it more correct to use the Method 1 than Method 2?",590,"Imagine a self-contained, hypothetical world with only the following conditions, and without any unmentioned factors or causal relationships: Season has a direct effect on sprinkler and weather. Weather has a direct effect on ground. Sprinkler has a direct effect on ground. Method 1: We look at how season correlates with ground case by case according to sprinkler. Method 2: We look directly at how season correlates with ground in general. To understand how season affects ground, is it more correct to use the Method 1 than Method 2?"
floor_wet,nie,"E[Y_{X=0, V2=1, V3=1} - Y_{X=0, V2=0, V3=0}]",3,133,15817,"Imagine a self-contained, hypothetical world with only the following conditions, and without any unmentioned factors or causal relationships: Season has a direct effect on sprinkler and weather. Weather has a direct effect on rainfall. Sprinkler has a direct effect on rainfall. For people in the dry season, the probability of high rainfall is 66%. For in the rainy season, the probability of high rainfall is 62%. Does season negatively affect rainfall through weather and sprinkler?",15776,"Imagine a self-contained, hypothetical world with only the following conditions, and without any unmentioned factors or causal relationships: Season has a direct effect on sprinkler and weather. Weather has a direct effect on rainfall. Sprinkler has a direct effect on rainfall. For people in the dry season, the probability of high rainfall is 54%. For in the rainy season, the probability of high rainfall is 43%. Does season positively affect rainfall through weather and sprinkler?"
gender_admission,nde,"E[Y_{X=1, V2=0} - Y_{X=0, V2=0}]",3,234,12687,"Imagine a self-contained, hypothetical world with only the following conditions, and without any unmentioned factors or causal relationships: Gender has a direct effect on department competitiveness and peanut allergy. Department competitiveness has a direct effect on peanut allergy. For individuals who are not male and applicants to a non-competitive department, the probability of being allergic to peanuts is 75%. For individuals who are not male and applicants to a competitive department, the probability of being allergic to peanuts is 37%. For individuals who are male and applicants to a non-competitive department, the probability of being allergic to peanuts is 72%. For individuals who are male and applicants to a competitive department, the probability of being allergic to peanuts is 21%. For individuals who are not male, the probability of competitive department is 85%. For individuals who are male, the probability of competitive department is 49%. If we disregard the mediation effect through department competitiveness, would gender negatively affect peanut allergy?",12575,"Imagine a self-contained, hypothetical world with only the following conditions, and without any unmentioned factors or causal relationships: Gender has a direct effect on department competitiveness and peanut allergy. Department competitiveness has a direct effect on peanut allergy. For individuals who are not male and applicants to a non-competitive department, the probability of being allergic to peanuts is 92%. For individuals who are not male and applicants to a competitive department, the probability of being allergic to peanuts is 61%. For individuals who are male and applicants to a non-competitive department, the probability of being allergic to peanuts is 57%. For individuals who are male and applicants to a competitive department, the probability of being allergic to peanuts is 80%. For individuals who are not male, the probability of competitive department is 83%. For individuals who are male, the probability of competitive department is 18%. If we disregard the mediation effect through department competitiveness, would gender negatively affect peanut allergy?"
gender_pay,nde,"E[Y_{X=1, V3=0} - Y_{X=0, V3=0}]",3,293,7386,"Imagine a self-contained, hypothetical world with only the following conditions, and without any unmentioned factors or causal relationships: Gender has a direct effect on occupation and salary. Skill has a direct effect on occupation and salary. Occupation has a direct effect on salary. Skill is unobserved. For individuals who are not male and blue-collar workers, the probability of high salary is 37%. For individuals who are not male and white-collar workers, the probability of high salary is 17%. For individuals who are male and blue-collar workers, the probability of high salary is 62%. For individuals who are male and white-collar workers, the probability of high salary is 41%. For individuals who are not male and with low skill levels, the probability of white-collar job is 49%. For individuals who are not male and with high skill levels, the probability of white-collar job is 22%. For individuals who are male and with low skill levels, the probability of white-collar job is 77%. For individuals who are male and with high skill levels, the probability of white-collar job is 49%. The overall probability of high skill level is 92%. If we disregard the mediation effect through occupation, would gender positively affect salary?",2515,"Imagine a self-contained, hypothetical world with only the following conditions, and without any unmentioned factors or causal relationships: Gender has a direct effect on occupation and salary. Skill has a direct effect on occupation and salary. Occupation has a direct effect on salary. Skill is unobserved. For individuals who are not male and blue-collar workers, the probability of high salary is 44%. For individuals who are not male and white-collar workers, the probability of high salary is 94%. For individuals who are male and blue-collar workers, the probability of high salary is 29%. For individuals who are male and white-collar workers, the probability of high salary is 74%. For individuals who are not male and with low skill levels, the probability of white-collar job is 39%. For individuals who are not male and with high skill levels, the probability of white-collar job is 29%. For individuals who are male and with low skill levels, the probability of white-collar job is 83%. For individuals who are male and with high skill levels, the probability of white-collar job is 75%. The overall probability of high skill level is 14%. If we disregard the mediation effect through occupation, would gender positively affect salary?"
nature_vs_nurture,nde,"E[Y_{X=1, V3=0} - Y_{X=0, V3=0}]",3,333,7610,"Imagine a self-contained, hypothetical world with only the following conditions, and without any unmentioned factors or causal relationships: Parents' intelligence has a direct effect on parents' social status and child's intelligence. Other unobserved factors has a direct effect on parents' social status and child's intelligence. Parents' social status has a direct effect on child's intelligence. Other unobserved factors is unobserved. For children with unintelligent parents and with low parental social status, the probability of intelligent child is 83%. For children with unintelligent parents and with high parental social status, the probability of intelligent child is 55%. For children with intelligent parents and with low parental social status, the probability of intelligent child is 52%. For children with intelligent parents and with high parental social status, the probability of intelligent child is 24%. For children with unintelligent parents and confounder inactive, the probability of high parental social status is 71%. For children with unintelligent parents and confounder active, the probability of high parental social status is 56%. For children with intelligent parents and confounder inactive, the probability of high parental social status is 29%. For children with intelligent parents and confounder active, the probability of high parental social status is 47%. The overall probability of confounder active is 42%. If we disregard the mediation effect through parents' social status, would parents' intelligence negatively affect child's intelligence?",2934,"Imagine a self-contained, hypothetical world with only the following conditions, and without any unmentioned factors or causal relationships: Parents' intelligence has a direct effect on parents' social status and child's intelligence. Other unobserved factors has a direct effect on parents' social status and child's intelligence. Parents' social status has a direct effect on child's intelligence. Other unobserved factors is unobserved. For children with unintelligent parents and with low parental social status, the probability of intelligent child is 23%. For children with unintelligent parents and with high parental social status, the probability of intelligent child is 28%. For children with intelligent parents and with low parental social status, the probability of intelligent child is 51%. For children with intelligent parents and with high parental social status, the probability of intelligent child is 53%. For children with unintelligent parents and confounder inactive, the probability of high parental social status is 42%. For children with unintelligent parents and confounder active, the probability of high parental social status is 25%. For children with intelligent parents and confounder inactive, the probability of high parental social status is 93%. For children with intelligent parents and confounder active, the probability of high parental social status is 74%. The overall probability of confounder active is 44%. If we disregard the mediation effect through parents' social status, would parents' intelligence negatively affect child's intelligence?"
neg_mediation,nde,"E[Y_{X=1, V2=0} - Y_{X=0, V2=0}]",3,197,3064,"Imagine a self-contained, hypothetical world with only the following conditions, and without any unmentioned factors or causal relationships: Smoking has a direct effect on effort and college admission. Effort has a direct effect on college admission. For nonsmokers and are lazy, the probability of college admission is 26%. For nonsmokers and are hard-working, the probability of college admission is 66%. For smokers and are lazy, the probability of college admission is 9%. For smokers and are hard-working, the probability of college admission is 62%. For nonsmokers, the probability of being hard-working is 44%. For smokers, the probability of being hard-working is 100%. If we disregard the mediation effect through effort, would smoking negatively affect college admission?",7804,"Imagine a self-contained, hypothetical world with only the following conditions, and without any unmentioned factors or causal relationships: Smoking has a direct effect on effort and college admission. Effort has a direct effect on college admission. For nonsmokers and are lazy, the probability of college admission is 92%. For nonsmokers and are hard-working, the probability of college admission is 50%. For smokers and are lazy, the probability of college admission is 80%. For smokers and are hard-working, the probability of college admission is 36%. For nonsmokers, the probability of being hard-working is 17%. For smokers, the probability of being hard-working is 74%. If we disregard the mediation effect through effort, would smoking positively affect college admission?"
nonsense0,backadj,[backdoor adjustment set for Y given X],2,169,21177,"Imagine a self-contained, hypothetical world with only the following conditions, and without any unmentioned factors or causal relationships: Zuph has a direct effect on swoy and rixq. Rixq has a direct effect on xevu. Swoy has a direct effect on xevu. Method 1: We look at how rixq correlates with xevu case by case according to swoy. Method 2: We look directly at how rixq correlates with xevu in general. To understand how rixq affects xevu, is it more correct to use the Method 1 than Method 2?",21110,"Imagine a self-contained, hypothetical world with only the following conditions, and without any unmentioned factors or causal relationships: Rixq has a direct effect on swoy and zuph. Zuph has a direct effect on xevu. Swoy has a direct effect on xevu. Method 1: We look at how rixq correlates with xevu case by case according to swoy. Method 2: We look directly at how rixq correlates with xevu in general. To understand how rixq affects xevu, is it more correct to use the Method 1 than Method 2?"
nonsense1,ett,E[Y_{X = 1} - Y_{X = 0} | X = 1],3,149,25617,"Imagine a self-contained, hypothetical world with only the following conditions, and without any unmentioned factors or causal relationships: Kwox has a direct effect on swoq. Swoq has a direct effect on kwoz. For those who are not kwox, the probability of kwoz is 54%. For those who are kwox, the probability of kwoz is 27%. For those who are kwox, would it be more likely to see kwoz if the individual was not kwox?",21261,"Imagine a self-contained, hypothetical world with only the following conditions, and without any unmentioned factors or causal relationships: Kwox has a direct effect on swoq. Swoq has a direct effect on kwoz. For those who are not kwox, the probability of kwoz is 86%. For those who are kwox, the probability of kwoz is 86%. For those who are kwox, would it be more likely to see kwoz if the individual was not kwox?"
nonsense3,nie,"E[Y_{X=0, V2=1} - Y_{X=0, V2=0}]",3,135,26488,"Imagine a self-contained, hypothetical world with only the following conditions, and without any unmentioned factors or causal relationships: Yomx has a direct effect on gwet. Gwet has a direct effect on xevu. For those who are not yomx, the probability of xevu is 68%. For those who are yomx, the probability of xevu is 40%. Does yomx negatively affect xevu through gwet?",22127,"Imagine a self-contained, hypothetical world with only the following conditions, and without any unmentioned factors or causal relationships: Yomx has a direct effect on gwet. Gwet has a direct effect on xevu. For those who are not yomx, the probability of xevu is 70%. For those who are yomx, the probability of xevu is 60%. Does yomx positively affect xevu through gwet?"
nonsense4,ate,E[Y | do(X = 1)] - E[Y | do(X = 0)],2,263,27135,"Imagine a self-contained, hypothetical world with only the following conditions, and without any unmentioned factors or causal relationships: Gyzp has a direct effect on jyka and lirg. Jyka has a direct effect on hwax. Hwax has a direct effect on lirg. Gyzp is unobserved. For those who are not jyka, the probability of hwax is 69%. For those who are jyka, the probability of hwax is 7%. For those who are not jyka and are not hwax, the probability of lirg is 60%. For those who are not jyka and are hwax, the probability of lirg is 72%. For those who are jyka and are not hwax, the probability of lirg is 57%. For those who are jyka and are hwax, the probability of lirg is 60%. The overall probability of jyka is 94%. Will jyka decrease the chance of lirg?",27111,"Imagine a self-contained, hypothetical world with only the following conditions, and without any unmentioned factors or causal relationships: Gyzp has a direct effect on jyka and lirg. Jyka has a direct effect on hwax. Hwax has a direct effect on lirg. Gyzp is unobserved. For those who are not jyka, the probability of hwax is 47%. For those who are jyka, the probability of hwax is 6%. For those who are not jyka and are not hwax, the probability of lirg is 57%. For those who are not jyka and are hwax, the probability of lirg is 29%. For those who are jyka and are not hwax, the probability of lirg is 63%. For those who are jyka and are hwax, the probability of lirg is 30%. The overall probability of jyka is 21%. Will jyka decrease the chance of lirg?"
nonsense4,nde,"E[Y_{X=1, V2=0} - Y_{X=0, V2=0}]",3,240,22707,"Imagine a self-contained, hypothetical world with only the following conditions, and without any unmentioned factors or causal relationships: Jyka has a direct effect on hwax and lirg. Hwax has a direct effect on lirg. For those who are not jyka and are not hwax, the probability of lirg is 85%. For those who are not jyka and are hwax, the probability of lirg is 27%. For those who are jyka and are not hwax, the probability of lirg is 92%. For those who are jyka and are hwax, the probability of lirg is 62%. For those who are not jyka, the probability of hwax is 43%. For those who are jyka, the probability of hwax is 76%. If we disregard the mediation effect through hwax, would jyka positively affect lirg?",22708,"Imagine a self-contained, hypothetical world with only the following conditions, and without any unmentioned factors or causal relationships: Jyka has a direct effect on hwax and lirg. Hwax has a direct effect on lirg. For those who are not jyka and are not hwax, the probability of lirg is 85%. For those who are not jyka and are hwax, the probability of lirg is 27%. For those who are jyka and are not hwax, the probability of lirg is 92%. For those who are jyka and are hwax, the probability of lirg is 62%. For those who are not jyka, the probability of hwax is 43%. For those who are jyka, the probability of hwax is 76%. If we disregard the mediation effect through hwax, would jyka negatively affect lirg?"
nonsense5,nde,"E[Y_{X=1, V3=0} - Y_{X=0, V3=0}]",3,333,23295,"Imagine a self-contained, hypothetical world with only the following conditions, and without any unmentioned factors or causal relationships: Jyka has a direct effect on yupt and kwox. Qwiu has a direct effect on yupt and kwox. Yupt has a direct effect on kwox. Qwiu is unobserved. For those who are not jyka and are not yupt, the probability of kwox is 95%. For those who are not jyka and are yupt, the probability of kwox is 48%. For those who are jyka and are not yupt, the probability of kwox is 89%. For those who are jyka and are yupt, the probability of kwox is 35%. For those who are not jyka and are not qwiu, the probability of yupt is 77%. For those who are not jyka and are qwiu, the probability of yupt is 25%. For those who are jyka and are not qwiu, the probability of yupt is 53%. For those who are jyka and are qwiu, the probability of yupt is 71%. The overall probability of qwiu is 96%. If we disregard the mediation effect through yupt, would jyka negatively affect kwox?",27610,"Imagine a self-contained, hypothetical world with only the following conditions, and without any unmentioned factors or causal relationships: Jyka has a direct effect on yupt and kwox. Qwiu has a direct effect on yupt and kwox. Yupt has a direct effect on kwox. Qwiu is unobserved. For those who are not jyka and are not yupt, the probability of kwox is 19%. For those who are not jyka and are yupt, the probability of kwox is 46%. For those who are jyka and are not yupt, the probability of kwox is 32%. For those who are jyka and are yupt, the probability of kwox is 77%. For those who are not jyka and are not qwiu, the probability of yupt is 92%. For those who are not jyka and are qwiu, the probability of yupt is 98%. For those who are jyka and are not qwiu, the probability of yupt is 37%. For those who are jyka and are qwiu, the probability of yupt is 71%. The overall probability of qwiu is 74%. If we disregard the mediation effect through yupt, would jyka negatively affect kwox?"
nonsense6,ate,E[Y | do(X = 1)] - E[Y | do(X = 0)],2,216,23830,"Imagine a self-contained, hypothetical world with only the following conditions, and without any unmentioned factors or causal relationships: Zupj has a direct effect on xyfo and yupt. Yupt has a direct effect on muvq. Xyfo has a direct effect on muvq. For those who are not zupj and are not yupt, the probability of muvq is 94%. For those who are not zupj and are yupt, the probability of muvq is 58%. For those who are zupj and are not yupt, the probability of muvq is 92%. For those who are zupj and are yupt, the probability of muvq is 55%. The overall probability of zupj is 95%. Will yupt decrease the chance of muvq?",28173,"Imagine a self-contained, hypothetical world with only the following conditions, and without any unmentioned factors or causal relationships: Zupj has a direct effect on xyfo and yupt. Yupt has a direct effect on muvq. Xyfo has a direct effect on muvq. For those who are not zupj and are not yupt, the probability of muvq is 54%. For those who are not zupj and are yupt, the probability of muvq is 43%. For those who are zupj and are not yupt, the probability of muvq is 39%. For those who are zupj and are yupt, the probability of muvq is 65%. The overall probability of zupj is 96%. Will yupt decrease the chance of muvq?"
nonsense6,ett,E[Y_{X = 1} - Y_{X = 0} | X = 1],3,249,23813,"Imagine a self-contained, hypothetical world with only the following conditions, and without any unmentioned factors or causal relationships: Zupj has a direct effect on xyfo and yupt. Yupt has a direct effect on muvq. Xyfo has a direct effect on muvq. For those who are not yupt and are not xyfo, the probability of muvq is 84%. For those who are not yupt and are xyfo, the probability of muvq is 12%. For those who are yupt and are not xyfo, the probability of muvq is 17%. For those who are yupt and are xyfo, the probability of muvq is 72%. For those who are not yupt, the probability of xyfo is 41%. For those who are yupt, the probability of xyfo is 46%. For those who are yupt, would it be more likely to see muvq if the individual was not yupt?",28162,"Imagine a self-contained, hypothetical world with only the following conditions, and without any unmentioned factors or causal relationships: Zupj has a direct effect on xyfo and yupt. Yupt has a direct effect on muvq. Xyfo has a direct effect on muvq. For those who are not yupt and are not xyfo, the probability of muvq is 83%. For those who are not yupt and are xyfo, the probability of muvq is 16%. For those who are yupt and are not xyfo, the probability of muvq is 85%. For those who are yupt and are xyfo, the probability of muvq is 99%. For those who are not yupt, the probability of xyfo is 29%. For those who are yupt, the probability of xyfo is 52%. For those who are yupt, would it be more likely to see muvq if the individual was not yupt?"
orange_scurvy,ate,E[Y | do(X = 1)] - E[Y | do(X = 0)],2,127,3306,"Imagine a self-contained, hypothetical world with only the following conditions, and without any unmentioned factors or causal relationships: Eating citrus has a direct effect on vitmain C. Vitmain C has a direct effect on scurvy. For patients not consuming citrus, the probability of scurvy is 63%. For patients consuming citrus, the probability of scurvy is 41%. Will citrus intake decrease the chance of scurvy?",8161,"Imagine a self-contained, hypothetical world with only the following conditions, and without any unmentioned factors or causal relationships: Eating citrus has a direct effect on vitmain C. Vitmain C has a direct effect on scurvy. For patients not consuming citrus, the probability of scurvy is 75%. For patients consuming citrus, the probability of scurvy is 42%. Will citrus intake increase the chance of scurvy?"
simpson_hospital,backadj,[backdoor adjustment set for Y given X],2,140,8480,"Imagine a self-contained, hypothetical world with only the following conditions, and without any unmentioned factors or causal relationships: Age has a direct effect on hospital costs and recovery. Hospital costs has a direct effect on recovery. Method 1: We look at how hospital costs correlates with recovery case by case according to age. Method 2: We look directly at how hospital costs correlates with recovery in general. To understand how hospital costs affects recovery, is it more correct to use the Method 1 than Method 2?",18857,"Imagine a self-contained, hypothetical world with only the following conditions, and without any unmentioned factors or causal relationships: Age has a direct effect on hospital costs and lip thickness. Hospital costs has a direct effect on lip thickness. Method 1: We look directly at how hospital costs correlates with lip thickness in general. Method 2: We look at this correlation case by case according to age. To understand how hospital costs affects lip thickness, is it more correct to use the Method 1 than Method 2?"
smoking_frontdoor,ett,E[Y_{X = 1} - Y_{X = 0} | X = 1],3,234,14689,"Imagine a self-contained, hypothetical world with only the following conditions, and without any unmentioned factors or causal relationships: Gender has a direct effect on smoking and peanut allergy. Smoking has a direct effect on tar deposit. Tar deposit has a direct effect on peanut allergy. Gender is unobserved. For nonsmokers and with no tar deposit, the probability of being allergic to peanuts is 33%. For nonsmokers and with high tar deposit, the probability of being allergic to peanuts is 62%. For smokers and with no tar deposit, the probability of being allergic to peanuts is 19%. For smokers and with high tar deposit, the probability of being allergic to peanuts is 52%. For nonsmokers, the probability of high tar deposit is 34%. For smokers, the probability of high tar deposit is 70%. For smokers, would it be less likely to see being allergic to peanuts if the person had been a nonsmoker?",14612,"Imagine a self-contained, hypothetical world with only the following conditions, and without any unmentioned factors or causal relationships: Gender has a direct effect on smoking and peanut allergy. Smoking has a direct effect on tar deposit. Tar deposit has a direct effect on peanut allergy. Gender is unobserved. For nonsmokers and with no tar deposit, the probability of being allergic to peanuts is 35%. For nonsmokers and with high tar deposit, the probability of being allergic to peanuts is 63%. For smokers and with no tar deposit, the probability of being allergic to peanuts is 25%. For smokers and with high tar deposit, the probability of being allergic to peanuts is 49%. For nonsmokers, the probability of high tar deposit is 22%. For smokers, the probability of high tar deposit is 73%. For smokers, would it be more likely to see being allergic to peanuts if the person had been a nonsmoker?"
smoking_frontdoor,nie,"E[Y_{X=0, V3=1} - Y_{X=0, V3=0}]",3,222,8954,"Imagine a self-contained, hypothetical world with only the following conditions, and without any unmentioned factors or causal relationships: Gender has a direct effect on smoking and lung cancer. Smoking has a direct effect on tar deposit. Tar deposit has a direct effect on lung cancer. Gender is unobserved. For nonsmokers, the probability of high tar deposit is 77%. For smokers, the probability of high tar deposit is 26%. For nonsmokers and with no tar deposit, the probability of lung cancer is 71%. For nonsmokers and with high tar deposit, the probability of lung cancer is 45%. For smokers and with no tar deposit, the probability of lung cancer is 63%. For smokers and with high tar deposit, the probability of lung cancer is 37%. The overall probability of smoking is 39%. Does smoking positively affect lung cancer through tar deposit?",9031,"Imagine a self-contained, hypothetical world with only the following conditions, and without any unmentioned factors or causal relationships: Gender has a direct effect on smoking and lung cancer. Smoking has a direct effect on tar deposit. Tar deposit has a direct effect on lung cancer. Gender is unobserved. For nonsmokers, the probability of high tar deposit is 66%. For smokers, the probability of high tar deposit is 32%. For nonsmokers and with no tar deposit, the probability of lung cancer is 82%. For nonsmokers and with high tar deposit, the probability of lung cancer is 56%. For smokers and with no tar deposit, the probability of lung cancer is 79%. For smokers and with high tar deposit, the probability of lung cancer is 53%. The overall probability of smoking is 37%. Does smoking negatively affect lung cancer through tar deposit?"
smoking_frontdoor,nie,"E[Y_{X=0, V3=1} - Y_{X=0, V3=0}]",3,229,19364,"Imagine a self-contained, hypothetical world with only the following conditions, and without any unmentioned factors or causal relationships: Gender has a direct effect on smoking and freckles. Smoking has a direct effect on tar deposit. Tar deposit has a direct effect on freckles. Gender is unobserved. For nonsmokers, the probability of high tar deposit is 56%. For smokers, the probability of high tar deposit is 32%. For nonsmokers and with no tar deposit, the probability of freckles is 76%. For nonsmokers and with high tar deposit, the probability of freckles is 43%. For smokers and with no tar deposit, the probability of freckles is 67%. For smokers and with high tar deposit, the probability of freckles is 32%. The overall probability of smoking is 37%. Does smoking positively affect freckles through tar deposit?",14663,"Imagine a self-contained, hypothetical world with only the following conditions, and without any unmentioned factors or causal relationships: Gender has a direct effect on smoking and peanut allergy. Smoking has a direct effect on tar deposit. Tar deposit has a direct effect on peanut allergy. Gender is unobserved. For nonsmokers, the probability of high tar deposit is 9%. For smokers, the probability of high tar deposit is 87%. For nonsmokers and with no tar deposit, the probability of being allergic to peanuts is 41%. For nonsmokers and with high tar deposit, the probability of being allergic to peanuts is 66%. For smokers and with no tar deposit, the probability of being allergic to peanuts is 27%. For smokers and with high tar deposit, the probability of being allergic to peanuts is 53%. The overall probability of smoking is 44%. Does smoking negatively affect peanut allergy through tar deposit?"
smoking_gene_cancer,ate,E[Y | do(X = 1)] - E[Y | do(X = 0)],2,141,9081,"Imagine a self-contained, hypothetical world with only the following conditions, and without any unmentioned factors or causal relationships: Gene has a direct effect on smoking and lung cancer. Pollution has a direct effect on smoking and lung cancer. Smoking has a direct effect on lung cancer. Pollution is unobserved. For people with nonsmoking genes, the probability of lung cancer is 70%. For people with smoking genes, the probability of lung cancer is 56%. Will smoking gene decrease the chance of lung cancer?",4407,"Imagine a self-contained, hypothetical world with only the following conditions, and without any unmentioned factors or causal relationships: Gene has a direct effect on smoking and lung cancer. Pollution has a direct effect on smoking and lung cancer. Smoking has a direct effect on lung cancer. Pollution is unobserved. For people with nonsmoking genes, the probability of lung cancer is 37%. For people with smoking genes, the probability of lung cancer is 50%. Will smoking gene decrease the chance of lung cancer?"
smoking_gene_cancer,nde,"E[Y_{X=1, V3=0} - Y_{X=0, V3=0}]",3,296,14708,"Imagine a self-contained, hypothetical world with only the following conditions, and without any unmentioned factors or causal relationships: Listening to jazz has a direct effect on smoking and lung cancer. Pollution has a direct effect on smoking and lung cancer. Smoking has a direct effect on lung cancer. Pollution is unobserved. For people who do not listen to jazz and nonsmokers, the probability of lung cancer is 29%. For people who do not listen to jazz and smokers, the probability of lung cancer is 70%. For people who listen to jazz and nonsmokers, the probability of lung cancer is 28%. For people who listen to jazz and smokers, the probability of lung cancer is 67%. For people who do not listen to jazz and with low pollution, the probability of smoking is 23%. For people who do not listen to jazz and with high pollution, the probability of smoking is 50%. For people who listen to jazz and with low pollution, the probability of smoking is 57%. For people who listen to jazz and with high pollution, the probability of smoking is 83%. The overall probability of high pollution is 52%. If we disregard the mediation effect through smoking, would listening to jazz positively affect lung cancer?",14838,"Imagine a self-contained, hypothetical world with only the following conditions, and without any unmentioned factors or causal relationships: Listening to jazz has a direct effect on smoking and lung cancer. Pollution has a direct effect on smoking and lung cancer. Smoking has a direct effect on lung cancer. Pollution is unobserved. For people who do not listen to jazz and nonsmokers, the probability of lung cancer is 35%. For people who do not listen to jazz and smokers, the probability of lung cancer is 71%. For people who listen to jazz and nonsmokers, the probability of lung cancer is 35%. For people who listen to jazz and smokers, the probability of lung cancer is 66%. For people who do not listen to jazz and with low pollution, the probability of smoking is 29%. For people who do not listen to jazz and with high pollution, the probability of smoking is 58%. For people who listen to jazz and with low pollution, the probability of smoking is 64%. For people who listen to jazz and with high pollution, the probability of smoking is 84%. The overall probability of high pollution is 56%. If we disregard the mediation effect through smoking, would listening to jazz positively affect lung cancer?"
smoking_tar_cancer,ate,E[Y | do(X = 1)] - E[Y | do(X = 0)],2,128,19612,"Imagine a self-contained, hypothetical world with only the following conditions, and without any unmentioned factors or causal relationships: Having a sister has a direct effect on tar deposit. Tar deposit has a direct effect on lung cancer. For people who do not have a sister, the probability of lung cancer is 34%. For people who have a sister, the probability of lung cancer is 44%. Will having a sister increase the chance of lung cancer?",19669,"Imagine a self-contained, hypothetical world with only the following conditions, and without any unmentioned factors or causal relationships: Having a sister has a direct effect on tar deposit. Tar deposit has a direct effect on lung cancer. For people who do not have a sister, the probability of lung cancer is 61%. For people who have a sister, the probability of lung cancer is 81%. Will having a sister decrease the chance of lung cancer?"
smoking_tar_cancer,ett,E[Y_{X = 1} - Y_{X = 0} | X = 1],3,142,14974,"Imagine a self-contained, hypothetical world with only the following conditions, and without any unmentioned factors or causal relationships: Listening to jazz has a direct effect on tar deposit. Tar deposit has a direct effect on lung cancer. For people who do not listen to jazz, the probability of lung cancer is 51%. For people who listen to jazz, the probability of lung cancer is 79%. For people who listen to jazz, would it be less likely to see lung cancer if the person did not listen to jazz?",19607,"Imagine a self-contained, hypothetical world with only the following conditions, and without any unmentioned factors or causal relationships: Having a sister has a direct effect on tar deposit. Tar deposit has a direct effect on lung cancer. For people who do not have a sister, the probability of lung cancer is 64%. For people who have a sister, the probability of lung cancer is 80%. For people who have a sister, would it be more likely to see lung cancer if the person did not have a sister?"
smoking_tar_cancer,nie,"E[Y_{X=0, V2=1} - Y_{X=0, V2=0}]",3,129,14940,"Imagine a self-contained, hypothetical world with only the following conditions, and without any unmentioned factors or causal relationships: Listening to jazz has a direct effect on tar deposit. Tar deposit has a direct effect on lung cancer. For people who do not listen to jazz, the probability of lung cancer is 34%. For people who listen to jazz, the probability of lung cancer is 51%. Does listening to jazz positively affect lung cancer through tar deposit?",19659,"Imagine a self-contained, hypothetical world with only the following conditions, and without any unmentioned factors or causal relationships: Having a sister has a direct effect on tar deposit. Tar deposit has a direct effect on lung cancer. For people who do not have a sister, the probability of lung cancer is 32%. For people who have a sister, the probability of lung cancer is 14%. Does having a sister positively affect lung cancer through tar deposit?"
tax_smoke_birthWeight,ate,E[Y | do(X = 1)] - E[Y | do(X = 0)],2,202,4636,"Imagine a self-contained, hypothetical world with only the following conditions, and without any unmentioned factors or causal relationships: Unobserved confounders has a direct effect on maternal smoking status and infant's birth weight. Cigarette tax has a direct effect on maternal smoking status. Maternal smoking status has a direct effect on infant's birth weight. Unobserved confounders is unobserved. For areas with low cigarette tax, the probability of normal infant birth weight is 56%. For areas with high cigarette tax, the probability of normal infant birth weight is 67%. For areas with low cigarette tax, the probability of smoking mother is 49%. For areas with high cigarette tax, the probability of smoking mother is 20%. Will smoking mother decrease the chance of normal infant birth weight?",9336,"Imagine a self-contained, hypothetical world with only the following conditions, and without any unmentioned factors or causal relationships: Unobserved confounders has a direct effect on maternal smoking status and infant's birth weight. Cigarette tax has a direct effect on maternal smoking status. Maternal smoking status has a direct effect on infant's birth weight. Unobserved confounders is unobserved. For areas with low cigarette tax, the probability of normal infant birth weight is 49%. For areas with high cigarette tax, the probability of normal infant birth weight is 54%. For areas with low cigarette tax, the probability of smoking mother is 27%. For areas with high cigarette tax, the probability of smoking mother is 50%. Will smoking mother decrease the chance of normal infant birth weight?"
vaccine_kills,ate,E[Y | do(X = 1)] - E[Y | do(X = 0)],2,149,1244,"Imagine a self-contained, hypothetical world with only the following conditions, and without any unmentioned factors or causal relationships: Vaccination status has a direct effect on vaccination reaction and getting smallpox. Getting smallpox has a direct effect on smallpox survival. Vaccination reaction has a direct effect on smallpox survival. For unvaccinated individuals, the probability of smallpox survival is 50%. For vaccinated individuals, the probability of smallpox survival is 59%. Will vaccination increase the chance of smallpox survival?",1179,"Imagine a self-contained, hypothetical world with only the following conditions, and without any unmentioned factors or causal relationships: Vaccination status has a direct effect on vaccination reaction and getting smallpox. Getting smallpox has a direct effect on smallpox survival. Vaccination reaction has a direct effect on smallpox survival. For unvaccinated individuals, the probability of smallpox survival is 42%. For vaccinated individuals, the probability of smallpox survival is 54%. Will vaccination decrease the chance of smallpox survival?"
water_cholera,ate,E[Y | do(X = 1)] - E[Y | do(X = 0)],2,187,4736,"Imagine a self-contained, hypothetical world with only the following conditions, and without any unmentioned factors or causal relationships: Poverty has a direct effect on water quality and cholera. Water company has a direct effect on water quality. Water quality has a direct effect on cholera. Poverty is unobserved. For people served by a local water company, the probability of cholera contraction is 29%. For people served by a global water company, the probability of cholera contraction is 33%. For people served by a local water company, the probability of clean water is 83%. For people served by a global water company, the probability of clean water is 68%. Will clean water decrease the chance of cholera contraction?",9467,"Imagine a self-contained, hypothetical world with only the following conditions, and without any unmentioned factors or causal relationships: Poverty has a direct effect on water quality and cholera. Water company has a direct effect on water quality. Water quality has a direct effect on cholera. Poverty is unobserved. For people served by a local water company, the probability of cholera contraction is 47%. For people served by a global water company, the probability of cholera contraction is 41%. For people served by a local water company, the probability of clean water is 50%. For people served by a global water company, the probability of clean water is 18%. Will clean water decrease the chance of cholera contraction?"
nonsense2,marginal,P(Y),1,145,22112,"Imagine a self-contained, hypothetical world with only the following conditions, and without any unmentioned factors or causal relationships: Xevo has a direct effect on gyzp. Tijv has a direct effect on gyzp. The overall probability of xevo is 70%. For those who are not xevo, the probability of gyzp is 77%. For those who are xevo, the probability of gyzp is 22%. Is gyzp less likely than not gyzp overall?",21772,"Imagine a self-contained, hypothetical world with only the following conditions, and without any unmentioned factors or causal relationships: Xevo has a direct effect on tijv. Gyzp has a direct effect on tijv. The overall probability of xevo is 69%. For those who are not xevo, the probability of gyzp is 74%. For those who are xevo, the probability of gyzp is 74%. Is gyzp less likely than not gyzp overall?"
nonsense9,marginal,P(Y),1,162,29509,"Imagine a self-contained, hypothetical world with only the following conditions, and without any unmentioned factors or causal relationships: Jyka has a direct effect on zory and zuph. Zuph has a direct effect on glimx. Zory has a direct effect on glimx. The overall probability of zuph is 77%. For those who are not zuph, the probability of glimx is 61%. For those who are zuph, the probability of glimx is 94%. Is glimx more likely than not glimx overall?",29486,"Imagine a self-contained, hypothetical world with only the following conditions, and without any unmentioned factors or causal relationships: Zuph has a direct effect on zory and jyka. Jyka has a direct effect on glimx. Zory has a direct effect on glimx. The overall probability of zuph is 64%. For those who are not zuph, the probability of glimx is 71%. For those who are zuph, the probability of glimx is 44%. Is glimx less likely than not glimx overall?"
alarm,correlation,P(Y | X),1,134,15293,"Imagine a self-contained, hypothetical world with only the following conditions, and without any unmentioned factors or causal relationships: Having a brother has a direct effect on wife and alarm clock. Wife has a direct effect on alarm clock. The overall probability of having a brother is 1%. The probability of not having a brother and ringing alarm is 73%. The probability of having a brother and ringing alarm is 0%. Is the chance of ringing alarm smaller when observing having a brother?",15284,"Imagine a self-contained, hypothetical world with only the following conditions, and without any unmentioned factors or causal relationships: Having a brother has a direct effect on wife and alarm clock. Wife has a direct effect on alarm clock. The overall probability of having a brother is 2%. The probability of not having a brother and ringing alarm is 78%. The probability of having a brother and ringing alarm is 1%. Is the chance of ringing alarm larger when observing having a brother?"
smoking_frontdoor,marginal,P(Y),1,146,4197,"Imagine a self-contained, hypothetical world with only the following conditions, and without any unmentioned factors or causal relationships: Gender has a direct effect on smoking and lung cancer. Smoking has a direct effect on tar deposit. Tar deposit has a direct effect on lung cancer. Gender is unobserved. The overall probability of smoking is 63%. For nonsmokers, the probability of lung cancer is 57%. For smokers, the probability of lung cancer is 53%. Is lung cancer more likely than absence of lung cancer overall?",4213,"Imagine a self-contained, hypothetical world with only the following conditions, and without any unmentioned factors or causal relationships: Gender has a direct effect on smoking and lung cancer. Smoking has a direct effect on tar deposit. Tar deposit has a direct effect on lung cancer. Gender is unobserved. The overall probability of smoking is 37%. For nonsmokers, the probability of lung cancer is 46%. For smokers, the probability of lung cancer is 43%. Is lung cancer more likely than absence of lung cancer overall?"
nonsense4,correlation,P(Y | X),1,156,27298,"Imagine a self-contained, hypothetical world with only the following conditions, and without any unmentioned factors or causal relationships: Hwax has a direct effect on gyzp and jyka. Jyka has a direct effect on lirg. Gyzp has a direct effect on lirg. The overall probability of jyka is 18%. The probability of not jyka and lirg is 59%. The probability of jyka and lirg is 6%. Is the chance of lirg smaller when observing jyka?",22926,"Imagine a self-contained, hypothetical world with only the following conditions, and without any unmentioned factors or causal relationships: Hwax has a direct effect on gyzp and jyka. Jyka has a direct effect on lirg. Gyzp has a direct effect on lirg. The overall probability of jyka is 13%. The probability of not jyka and lirg is 48%. The probability of jyka and lirg is 9%. Is the chance of lirg smaller when observing jyka?"
nonsense3,correlation,P(Y | X),1,140,26883,"Imagine a self-contained, hypothetical world with only the following conditions, and without any unmentioned factors or causal relationships: Yomx has a direct effect on xevu. Gwet has a direct effect on xevu. The overall probability of yomx is 11%. The probability of not yomx and xevu is 37%. The probability of yomx and xevu is 8%. Is the chance of xevu larger when observing yomx?",26495,"Imagine a self-contained, hypothetical world with only the following conditions, and without any unmentioned factors or causal relationships: Yomx has a direct effect on gwet. Gwet has a direct effect on xevu. The overall probability of yomx is 63%. The probability of not yomx and xevu is 22%. The probability of yomx and xevu is 38%. Is the chance of xevu smaller when observing yomx?"
nonsense8,correlation,P(Y | X),1,154,24694,"Imagine a self-contained, hypothetical world with only the following conditions, and without any unmentioned factors or causal relationships: Hwax has a direct effect on kraz and pexu. Pexu has a direct effect on rukz. Kraz has a direct effect on rukz. The overall probability of pexu is 58%. The probability of not pexu and rukz is 8%. The probability of pexu and rukz is 50%. Is the chance of rukz larger when observing pexu?",29051,"Imagine a self-contained, hypothetical world with only the following conditions, and without any unmentioned factors or causal relationships: Pexu has a direct effect on kraz and hwax. Hwax has a direct effect on rukz. Kraz has a direct effect on rukz. The overall probability of pexu is 40%. The probability of not pexu and rukz is 29%. The probability of pexu and rukz is 19%. Is the chance of rukz smaller when observing pexu?"
college_salary,marginal,P(Y),1,137,12104,"Imagine a self-contained, hypothetical world with only the following conditions, and without any unmentioned factors or causal relationships: Education level has a direct effect on skill. Skill has a direct effect on black hair. The overall probability of college degree or higher is 13%. For people without a college degree, the probability of black hair is 37%. For people with a college degree or higher, the probability of black hair is 45%. Is black hair less likely than blond hair overall?",12116,"Imagine a self-contained, hypothetical world with only the following conditions, and without any unmentioned factors or causal relationships: Education level has a direct effect on skill. Skill has a direct effect on black hair. The overall probability of college degree or higher is 43%. For people without a college degree, the probability of black hair is 31%. For people with a college degree or higher, the probability of black hair is 56%. Is black hair more likely than blond hair overall?"
smoking_frontdoor,correlation,P(Y | X),1,143,9021,"Imagine a self-contained, hypothetical world with only the following conditions, and without any unmentioned factors or causal relationships: Gender has a direct effect on smoking and lung cancer. Smoking has a direct effect on tar deposit. Tar deposit has a direct effect on lung cancer. Gender is unobserved. The overall probability of smoking is 53%. The probability of nonsmoking and lung cancer is 19%. The probability of smoking and lung cancer is 37%. Is the chance of lung cancer larger when observing smoking?",8943,"Imagine a self-contained, hypothetical world with only the following conditions, and without any unmentioned factors or causal relationships: Gender has a direct effect on smoking and lung cancer. Smoking has a direct effect on tar deposit. Tar deposit has a direct effect on lung cancer. Gender is unobserved. The overall probability of smoking is 55%. The probability of nonsmoking and lung cancer is 33%. The probability of smoking and lung cancer is 47%. Is the chance of lung cancer smaller when observing smoking?"
floor_wet,marginal,P(Y),1,143,628,"Imagine a self-contained, hypothetical world with only the following conditions, and without any unmentioned factors or causal relationships: Season has a direct effect on sprinkler and weather. Weather has a direct effect on ground. Sprinkler has a direct effect on ground. The overall probability of rainy season is 28%. For people in the dry season, the probability of wet ground is 39%. For in the rainy season, the probability of wet ground is 46%. Is wet ground less likely than dry ground overall?",5348,"Imagine a self-contained, hypothetical world with only the following conditions, and without any unmentioned factors or causal relationships: Season has a direct effect on sprinkler and weather. Weather has a direct effect on ground. Sprinkler has a direct effect on ground. The overall probability of rainy season is 98%. For people in the dry season, the probability of wet ground is 41%. For in the rainy season, the probability of wet ground is 38%. Is wet ground more likely than dry ground overall?"
firing_employee,correlation,P(Y | X),1,151,371,"Imagine a self-contained, hypothetical world with only the following conditions, and without any unmentioned factors or causal relationships: CEO has a direct effect on director and manager. Manager has a direct effect on employee. Director has a direct effect on employee. The overall probability of manager signing the termination letter is 15%. The probability of manager not signing the termination letter and employee being fired is 25%. The probability of manager signing the termination letter and employee being fired is 11%. Is the chance of employee being fired larger when observing manager signing the termination letter?",295,"Imagine a self-contained, hypothetical world with only the following conditions, and without any unmentioned factors or causal relationships: CEO has a direct effect on director and manager. Manager has a direct effect on employee. Director has a direct effect on employee. The overall probability of manager signing the termination letter is 30%. The probability of manager not signing the termination letter and employee being fired is 13%. The probability of manager signing the termination letter and employee being fired is 17%. Is the chance of employee being fired smaller when observing manager signing the termination letter?"
nonsense5,marginal,P(Y),1,163,27732,"Imagine a self-contained, hypothetical world with only the following conditions, and without any unmentioned factors or causal relationships: Yupt has a direct effect on qwiu and jyka. Jyka has a direct effect on kwox. Qwiu has a direct effect on kwox. The overall probability of jyka is 61%. For those who are not jyka, the probability of kwox is 30%. For those who are jyka, the probability of kwox is 15%. Is kwox less likely than not kwox overall?",27735,"Imagine a self-contained, hypothetical world with only the following conditions, and without any unmentioned factors or causal relationships: Yupt has a direct effect on qwiu and jyka. Jyka has a direct effect on kwox. Qwiu has a direct effect on kwox. The overall probability of jyka is 86%. For those who are not jyka, the probability of kwox is 16%. For those who are jyka, the probability of kwox is 81%. Is kwox less likely than not kwox overall?"
nonsense8,marginal,P(Y),1,147,24348,"Imagine a self-contained, hypothetical world with only the following conditions, and without any unmentioned factors or causal relationships: Pexu has a direct effect on hwax. Hwax has a direct effect on rukz. The overall probability of pexu is 64%. For those who are not pexu, the probability of rukz is 89%. For those who are pexu, the probability of rukz is 76%. Is rukz more likely than not rukz overall?",29093,"Imagine a self-contained, hypothetical world with only the following conditions, and without any unmentioned factors or causal relationships: Pexu has a direct effect on rukz. Hwax has a direct effect on rukz. The overall probability of pexu is 0%. For those who are not pexu, the probability of rukz is 36%. For those who are pexu, the probability of rukz is 79%. Is rukz more likely than not rukz overall?"
firing_employee,correlation,P(Y | X),1,150,5100,"Imagine a self-contained, hypothetical world with only the following conditions, and without any unmentioned factors or causal relationships: CEO has a direct effect on director and manager. Manager has a direct effect on employee. Director has a direct effect on employee. The overall probability of manager signing the termination letter is 19%. The probability of manager not signing the termination letter and employee being fired is 60%. The probability of manager signing the termination letter and employee being fired is 7%. Is the chance of employee being fired smaller when observing manager signing the termination letter?",5194,"Imagine a self-contained, hypothetical world with only the following conditions, and without any unmentioned factors or causal relationships: CEO has a direct effect on director and manager. Manager has a direct effect on employee. Director has a direct effect on employee. The overall probability of manager signing the termination letter is 17%. The probability of manager not signing the termination letter and employee being fired is 76%. The probability of manager signing the termination letter and employee being fired is 6%. Is the chance of employee being fired larger when observing manager signing the termination letter?"
firing_squad,correlation,P(Y | X),1,153,10872,"Imagine a self-contained, hypothetical world with only the following conditions, and without any unmentioned factors or causal relationships: Having a sister has a direct effect on the private and the corporal. The corporal has a direct effect on prisoner. The private has a direct effect on prisoner. The overall probability of having a sister is 79%. The probability of not having a sister and the prisoner's death is 7%. The probability of having a sister and the prisoner's death is 56%. Is the chance of the prisoner's death larger when observing having a sister?",10894,"Imagine a self-contained, hypothetical world with only the following conditions, and without any unmentioned factors or causal relationships: Having a sister has a direct effect on the private and the corporal. The corporal has a direct effect on prisoner. The private has a direct effect on prisoner. The overall probability of having a sister is 73%. The probability of not having a sister and the prisoner's death is 7%. The probability of having a sister and the prisoner's death is 52%. Is the chance of the prisoner's death smaller when observing having a sister?"
simpson_kidneystone,marginal,P(Y),1,135,14234,"Imagine a self-contained, hypothetical world with only the following conditions, and without any unmentioned factors or causal relationships: Kidney stone size has a direct effect on treatment and lip thickness. Treatment has a direct effect on lip thickness. The overall probability of receives treatment is 64%. For patients not receiving treatment, the probability of thick lips is 80%. For patients receiving treatment, the probability of thick lips is 51%. Is thick lips more likely than thin lips overall?",14201,"Imagine a self-contained, hypothetical world with only the following conditions, and without any unmentioned factors or causal relationships: Kidney stone size has a direct effect on treatment and lip thickness. Treatment has a direct effect on lip thickness. The overall probability of receives treatment is 46%. For patients not receiving treatment, the probability of thick lips is 60%. For patients receiving treatment, the probability of thick lips is 39%. Is thick lips more likely than thin lips overall?"
