model,model_display_name,diagnostic_source,dataset_variant,prompt_mode,rung,n,accuracy,parse_rate
qwen3_0_6b,Qwen3-0.6B,main,main,nl_binary_score,1,200,0.5,1.0
qwen3_0_6b,Qwen3-0.6B,main,main,nl_binary_score,2,200,0.5,1.0
qwen3_0_6b,Qwen3-0.6B,main,main,nl_binary_score,3,240,0.5,1.0
qwen3_0_6b,Qwen3-0.6B,main,main,nl_formal_binary_score,1,200,0.5,1.0
qwen3_0_6b,Qwen3-0.6B,main,main,nl_formal_binary_score,2,200,0.5,1.0
qwen3_0_6b,Qwen3-0.6B,main,main,nl_formal_binary_score,3,240,0.5,1.0
qwen3_0_6b,Qwen3-0.6B,main,main,symbolic_solver_concise_binary_score,1,200,0.5,1.0
qwen3_0_6b,Qwen3-0.6B,main,main,symbolic_solver_concise_binary_score,2,200,0.5,1.0
qwen3_0_6b,Qwen3-0.6B,main,main,symbolic_solver_concise_binary_score,3,240,0.5,1.0
